[
{
  "name": "FIRSTLEARNING1",
  "value":"9.45"
},
{
  "name": "FIRSTLEARNING2",
  "value":"16.23"
},
{
  "name": "FIRSTLEARNING3",
  "value":"11.54"
},
{
  "name": "FIRSTLEARNING4",
  "value":"3.12"
},
{
  "name": "FIRSTLEARNING5",
  "value":"12.45"
},
{
  "name": "LETLEARNNOW1",
  "value":"4.71"
},
{
  "name": "LETLEARNNOW2",
  "value":"11.15"
},
{
  "name": "LETLEARNNOW3",
  "value":"6.42"
},
{
  "name": "LETLEARNNOW4",
  "value":"15.67"
},
{
  "name": "LETLEARNNOW5",
  "value":"4.15"
},
{
  "name": "FIGHTING1",
  "value":"5.14"
},
{
  "name": "FIGHTING2",
  "value":"5.14"
},
{
  "name": "FIGHTING3",
  "value":"5.14"
},
{
  "name": "FIGHTING4",
  "value":"5.14"
},
{
  "name": "FIGHTING5",
  "value":"5.14"
},
{
  "name":"REGULAR1",
  "value": "10.42"
},
{
  "name":"REGULAR2",
  "value": "15.42"
},
{
  "name":"REGULAR3",
  "value": "7.32"
},
{
  "name":"REGULAR4",
  "value": "13.94"
},
{
  "name":"REGULAR5",
  "value": "9.55"
},
{
  "name":"MASTERSS1",
  "value": "9.55"
},
{
  "name":"MASTERSS2",
  "value": "16.23"
},
{
  "name":"MASTERSS3",
  "value": "19.75"
},
{
  "name":"MASTERSS4",
  "value": "18.11"
},
{
  "name":"MASTERSS5",
  "value": "20.00"
}
]