{"duration":"16h 57m duration","total":124,"sections":[{"title":"Welcome to the course!","total":4,"duration":"09m 28sec","lessons":[{"title":"Why AI?","duration":"05m 10sec","resourses":[],"preview":"/course/artificial-intelligence-az/preview/lecture/why-ai","url":"/course/artificial-intelligence-az/learn/lecture/why-ai","video":""},{"title":"Course Structure","duration":"38sec","resourses":[],"preview":"/course/artificial-intelligence-az/preview/lecture/course-structure","url":"/course/artificial-intelligence-az/learn/lecture/course-structure","video":""},{"title":"Installing Anaconda","duration":"03m 26sec","resourses":[],"preview":"/course/artificial-intelligence-az/preview/lecture/installing-anaconda","url":"/course/artificial-intelligence-az/learn/lecture/installing-anaconda","video":""},{"title":"Extra Resources","duration":"14sec","resourses":[],"preview":"/course/artificial-intelligence-az/preview/lecture/extra-resources","url":"/course/artificial-intelligence-az/learn/lecture/extra-resources","video":""}]},{"title":"---------- Part 0 - Fundamentals Of Reinforcement Learning ----------","total":1,"duration":"52sec","lessons":[{"title":"Welcome to Part 0 - Fundamentals of Reinforcement Learning","duration":"52sec","resourses":[],"preview":"/course/artificial-intelligence-az/preview/lecture/welcome-to-part-0-fundamentals-of-reinforcement-learning","url":"/course/artificial-intelligence-az/learn/lecture/welcome-to-part-0-fundamentals-of-reinforcement-learning","video":""}]},{"title":"Q-Learning Intuition","total":9,"duration":"01h 49m","lessons":[{"title":"Plan of Attack","duration":"04m 03sec","resourses":[],"preview":"/course/artificial-intelligence-az/preview/lecture/plan-of-attack","url":"/course/artificial-intelligence-az/learn/lecture/plan-of-attack","video":""},{"title":"What is reinforcement learning?","duration":"11m 26sec","resourses":[],"preview":"/course/artificial-intelligence-az/preview/lecture/what-is-reinforcement-learning","url":"/course/artificial-intelligence-az/learn/lecture/what-is-reinforcement-learning","video":""},{"title":"The Bellman Equation","duration":"18m 25sec","resourses":[],"preview":"/course/artificial-intelligence-az/preview/lecture/the-bellman-equation","url":"/course/artificial-intelligence-az/learn/lecture/the-bellman-equation","video":""},{"title":"The \"Plan\"","duration":"02m 12sec","resourses":[],"preview":"/course/artificial-intelligence-az/preview/lecture/the-\"plan\"","url":"/course/artificial-intelligence-az/learn/lecture/the-\"plan\"","video":""},{"title":"Markov Decision Process","duration":"16m 26sec","resourses":[],"preview":"/course/artificial-intelligence-az/preview/lecture/markov-decision-process","url":"/course/artificial-intelligence-az/learn/lecture/markov-decision-process","video":""},{"title":"Policy vs Plan","duration":"12m 55sec","resourses":[],"preview":"/course/artificial-intelligence-az/preview/lecture/policy-vs-plan","url":"/course/artificial-intelligence-az/learn/lecture/policy-vs-plan","video":""},{"title":"Adding a \"Living Penalty\"","duration":"09m 47sec","resourses":[],"preview":"/course/artificial-intelligence-az/preview/lecture/adding-a-\"living-penalty\"","url":"/course/artificial-intelligence-az/learn/lecture/adding-a-\"living-penalty\"","video":""},{"title":"Q-Learning Intuition","duration":"14m 45sec","resourses":[],"preview":"/course/artificial-intelligence-az/preview/lecture/q-learning-intuition","url":"/course/artificial-intelligence-az/learn/lecture/q-learning-intuition","video":""},{"title":"Temporal Difference","duration":"19m 26sec","resourses":[],"preview":"/course/artificial-intelligence-az/preview/lecture/temporal-difference","url":"/course/artificial-intelligence-az/learn/lecture/temporal-difference","video":""},{"title":"Quiz 1","duration":"undefinedsec","resourses":[],"preview":"/course/artificial-intelligence-az/preview/quiz/quiz-1","url":"/course/artificial-intelligence-az/learn/quiz/quiz-1","video":""}]},{"title":"Q-Learning Visualization","total":2,"duration":"18m 46sec","lessons":[{"title":"Gridworld Set Up","duration":"05m 15sec","resourses":[],"preview":"/course/artificial-intelligence-az/preview/lecture/gridworld-set-up","url":"/course/artificial-intelligence-az/learn/lecture/gridworld-set-up","video":""},{"title":"Q-Learning Visualization","duration":"13m 31sec","resourses":[],"preview":"/course/artificial-intelligence-az/preview/lecture/q-learning-visualization","url":"/course/artificial-intelligence-az/learn/lecture/q-learning-visualization","video":""}]},{"title":"---------- Part 1 - Deep Q-Learning ----------","total":1,"duration":"50sec","lessons":[{"title":"Welcome to Part 1 - Deep Q-Learning","duration":"50sec","resourses":[],"preview":"/course/artificial-intelligence-az/preview/lecture/welcome-to-part-1-deep-q-learning","url":"/course/artificial-intelligence-az/learn/lecture/welcome-to-part-1-deep-q-learning","video":""}]},{"title":"Deep Q-Learning Intuition","total":5,"duration":"55m 46sec","lessons":[{"title":"Plan of Attack","duration":"02m 17sec","resourses":[],"preview":"/course/artificial-intelligence-az/preview/lecture/plan-of-attack","url":"/course/artificial-intelligence-az/learn/lecture/plan-of-attack","video":""},{"title":"Deep Q-Learning Intuition - Learning","duration":"15m 15sec","resourses":[],"preview":"/course/artificial-intelligence-az/preview/lecture/deep-q-learning-intuition-learning","url":"/course/artificial-intelligence-az/learn/lecture/deep-q-learning-intuition-learning","video":""},{"title":"Deep Q-Learning Intuition - Acting","duration":"06m 06sec","resourses":[],"preview":"/course/artificial-intelligence-az/preview/lecture/deep-q-learning-intuition-acting","url":"/course/artificial-intelligence-az/learn/lecture/deep-q-learning-intuition-acting","video":""},{"title":"Experience Replay","duration":"15m 45sec","resourses":[],"preview":"/course/artificial-intelligence-az/preview/lecture/experience-replay","url":"/course/artificial-intelligence-az/learn/lecture/experience-replay","video":""},{"title":"Action Selection Policies","duration":"16m 23sec","resourses":[],"preview":"/course/artificial-intelligence-az/preview/lecture/action-selection-policies","url":"/course/artificial-intelligence-az/learn/lecture/action-selection-policies","video":""}]},{"title":"Deep Q-Learning Implementation","total":19,"duration":"02h 50m","lessons":[{"title":"Plan of Attack","duration":"01m 13sec","resourses":[],"preview":"/course/artificial-intelligence-az/preview/lecture/plan-of-attack","url":"/course/artificial-intelligence-az/learn/lecture/plan-of-attack","video":""},{"title":"Get the Datasets here","duration":"21sec","resourses":[],"preview":"/course/artificial-intelligence-az/preview/lecture/get-the-datasets-here","url":"/course/artificial-intelligence-az/learn/lecture/get-the-datasets-here","video":""},{"title":"Getting Started","duration":"05m 41sec","resourses":[],"preview":"/course/artificial-intelligence-az/preview/lecture/getting-started","url":"/course/artificial-intelligence-az/learn/lecture/getting-started","video":""},{"title":"Self Driving Car - Step 1","duration":"09m 15sec","resourses":[],"preview":"/course/artificial-intelligence-az/preview/lecture/self-driving-car-step-1","url":"/course/artificial-intelligence-az/learn/lecture/self-driving-car-step-1","video":""},{"title":"Self Driving Car - Step 2","duration":"16m 18sec","resourses":[],"preview":"/course/artificial-intelligence-az/preview/lecture/self-driving-car-step-2","url":"/course/artificial-intelligence-az/learn/lecture/self-driving-car-step-2","video":""},{"title":"Self Driving Car - Step 3","duration":"06m 44sec","resourses":[],"preview":"/course/artificial-intelligence-az/preview/lecture/self-driving-car-step-3","url":"/course/artificial-intelligence-az/learn/lecture/self-driving-car-step-3","video":""},{"title":"Self Driving Car - Step 4","duration":"14m 23sec","resourses":[],"preview":"/course/artificial-intelligence-az/preview/lecture/self-driving-car-step-4","url":"/course/artificial-intelligence-az/learn/lecture/self-driving-car-step-4","video":""},{"title":"Self Driving Car - Step 5","duration":"05m 59sec","resourses":[],"preview":"/course/artificial-intelligence-az/preview/lecture/self-driving-car-step-5","url":"/course/artificial-intelligence-az/learn/lecture/self-driving-car-step-5","video":""},{"title":"Self Driving Car - Step 6","duration":"06m 01sec","resourses":[],"preview":"/course/artificial-intelligence-az/preview/lecture/self-driving-car-step-6","url":"/course/artificial-intelligence-az/learn/lecture/self-driving-car-step-6","video":""},{"title":"Self Driving Car - Step 7","duration":"05m 46sec","resourses":[],"preview":"/course/artificial-intelligence-az/preview/lecture/self-driving-car-step-7","url":"/course/artificial-intelligence-az/learn/lecture/self-driving-car-step-7","video":""},{"title":"Self Driving Car - Step 8","duration":"10m 51sec","resourses":[],"preview":"/course/artificial-intelligence-az/preview/lecture/self-driving-car-step-8","url":"/course/artificial-intelligence-az/learn/lecture/self-driving-car-step-8","video":""},{"title":"Self Driving Car - Step 9","duration":"17m 27sec","resourses":[],"preview":"/course/artificial-intelligence-az/preview/lecture/self-driving-car-step-9","url":"/course/artificial-intelligence-az/learn/lecture/self-driving-car-step-9","video":""},{"title":"Self Driving Car - Step 10","duration":"13m 51sec","resourses":[],"preview":"/course/artificial-intelligence-az/preview/lecture/self-driving-car-step-10","url":"/course/artificial-intelligence-az/learn/lecture/self-driving-car-step-10","video":""},{"title":"Self Driving Car - Step 11","duration":"15m 21sec","resourses":[],"preview":"/course/artificial-intelligence-az/preview/lecture/self-driving-car-step-11","url":"/course/artificial-intelligence-az/learn/lecture/self-driving-car-step-11","video":""},{"title":"Self Driving Car - Step 12","duration":"12m 57sec","resourses":[],"preview":"/course/artificial-intelligence-az/preview/lecture/self-driving-car-step-12","url":"/course/artificial-intelligence-az/learn/lecture/self-driving-car-step-12","video":""},{"title":"Self Driving Car - Step 13","duration":"12m 27sec","resourses":[],"preview":"/course/artificial-intelligence-az/preview/lecture/self-driving-car-step-13","url":"/course/artificial-intelligence-az/learn/lecture/self-driving-car-step-13","video":""},{"title":"Self Driving Car - Step 14","duration":"02m 53sec","resourses":[],"preview":"/course/artificial-intelligence-az/preview/lecture/self-driving-car-step-14","url":"/course/artificial-intelligence-az/learn/lecture/self-driving-car-step-14","video":""},{"title":"Self Driving Car - Step 15","duration":"05m 28sec","resourses":[],"preview":"/course/artificial-intelligence-az/preview/lecture/self-driving-car-step-15","url":"/course/artificial-intelligence-az/learn/lecture/self-driving-car-step-15","video":""},{"title":"Self Driving Car - Step 16","duration":"07m 19sec","resourses":[],"preview":"/course/artificial-intelligence-az/preview/lecture/self-driving-car-step-16","url":"/course/artificial-intelligence-az/learn/lecture/self-driving-car-step-16","video":""}]},{"title":"Deep Q-Learning Visualization","total":5,"duration":"27m 07sec","lessons":[{"title":"Self Driving Car - Level 1","duration":"08m 51sec","resourses":[],"preview":"/course/artificial-intelligence-az/preview/lecture/self-driving-car-level-1","url":"/course/artificial-intelligence-az/learn/lecture/self-driving-car-level-1","video":""},{"title":"Self Driving Car - Level 2","duration":"04m 39sec","resourses":[],"preview":"/course/artificial-intelligence-az/preview/lecture/self-driving-car-level-2","url":"/course/artificial-intelligence-az/learn/lecture/self-driving-car-level-2","video":""},{"title":"Self Driving Car - Level 3","duration":"07m 21sec","resourses":[],"preview":"/course/artificial-intelligence-az/preview/lecture/self-driving-car-level-3","url":"/course/artificial-intelligence-az/learn/lecture/self-driving-car-level-3","video":""},{"title":"Self Driving Car - Level 4","duration":"06m 08sec","resourses":[],"preview":"/course/artificial-intelligence-az/preview/lecture/self-driving-car-level-4","url":"/course/artificial-intelligence-az/learn/lecture/self-driving-car-level-4","video":""},{"title":"Challenge Solutions","duration":"08sec","resourses":[],"preview":"/course/artificial-intelligence-az/preview/lecture/challenge-solutions","url":"/course/artificial-intelligence-az/learn/lecture/challenge-solutions","video":""}]},{"title":"---------- Part 2 - Deep Convolutional Q-Learning ----------","total":1,"duration":"26sec","lessons":[{"title":"Welcome to Part 2 - Deep Convolutional Q-Learning","duration":"26sec","resourses":[],"preview":"/course/artificial-intelligence-az/preview/lecture/welcome-to-part-2-deep-convolutional-q-learning","url":"/course/artificial-intelligence-az/learn/lecture/welcome-to-part-2-deep-convolutional-q-learning","video":""}]},{"title":"Deep Convolutional Q-Learning Intuition","total":3,"duration":"19m 16sec","lessons":[{"title":"Plan of Attack","duration":"03m 26sec","resourses":[],"preview":"/course/artificial-intelligence-az/preview/lecture/plan-of-attack","url":"/course/artificial-intelligence-az/learn/lecture/plan-of-attack","video":""},{"title":"Deep Convolutional Q-Learning Intuition","duration":"07m 12sec","resourses":[],"preview":"/course/artificial-intelligence-az/preview/lecture/deep-convolutional-q-learning-intuition","url":"/course/artificial-intelligence-az/learn/lecture/deep-convolutional-q-learning-intuition","video":""},{"title":"Eligibility Trace","duration":"08m 38sec","resourses":[],"preview":"/course/artificial-intelligence-az/preview/lecture/eligibility-trace","url":"/course/artificial-intelligence-az/learn/lecture/eligibility-trace","video":""}]},{"title":"Deep Convolutional Q-Learning Implementation","total":18,"duration":"02h 24m","lessons":[{"title":"Plan of Attack","duration":"51sec","resourses":[],"preview":"/course/artificial-intelligence-az/preview/lecture/plan-of-attack","url":"/course/artificial-intelligence-az/learn/lecture/plan-of-attack","video":""},{"title":"Get the Datasets here","duration":"07sec","resourses":[],"preview":"/course/artificial-intelligence-az/preview/lecture/get-the-datasets-here","url":"/course/artificial-intelligence-az/learn/lecture/get-the-datasets-here","video":""},{"title":"Doom - Step 1","duration":"09m 42sec","resourses":[],"preview":"/course/artificial-intelligence-az/preview/lecture/doom-step-1","url":"/course/artificial-intelligence-az/learn/lecture/doom-step-1","video":""},{"title":"Doom - Step 2","duration":"09m 52sec","resourses":[],"preview":"/course/artificial-intelligence-az/preview/lecture/doom-step-2","url":"/course/artificial-intelligence-az/learn/lecture/doom-step-2","video":""},{"title":"Doom - Step 3","duration":"10m 34sec","resourses":[],"preview":"/course/artificial-intelligence-az/preview/lecture/doom-step-3","url":"/course/artificial-intelligence-az/learn/lecture/doom-step-3","video":""},{"title":"Doom - Step 4","duration":"14m 16sec","resourses":[],"preview":"/course/artificial-intelligence-az/preview/lecture/doom-step-4","url":"/course/artificial-intelligence-az/learn/lecture/doom-step-4","video":""},{"title":"Doom - Step 5","duration":"06m 32sec","resourses":[],"preview":"/course/artificial-intelligence-az/preview/lecture/doom-step-5","url":"/course/artificial-intelligence-az/learn/lecture/doom-step-5","video":""},{"title":"Doom - Step 6","duration":"04m 40sec","resourses":[],"preview":"/course/artificial-intelligence-az/preview/lecture/doom-step-6","url":"/course/artificial-intelligence-az/learn/lecture/doom-step-6","video":""},{"title":"Doom - Step 7","duration":"06m 38sec","resourses":[],"preview":"/course/artificial-intelligence-az/preview/lecture/doom-step-7","url":"/course/artificial-intelligence-az/learn/lecture/doom-step-7","video":""},{"title":"Doom - Step 8","duration":"03m 44sec","resourses":[],"preview":"/course/artificial-intelligence-az/preview/lecture/doom-step-8","url":"/course/artificial-intelligence-az/learn/lecture/doom-step-8","video":""},{"title":"Doom - Step 9","duration":"07m 50sec","resourses":[],"preview":"/course/artificial-intelligence-az/preview/lecture/doom-step-9","url":"/course/artificial-intelligence-az/learn/lecture/doom-step-9","video":""},{"title":"Doom - Step 10","duration":"06m 33sec","resourses":[],"preview":"/course/artificial-intelligence-az/preview/lecture/doom-step-10","url":"/course/artificial-intelligence-az/learn/lecture/doom-step-10","video":""},{"title":"Doom - Step 11","duration":"04m 14sec","resourses":[],"preview":"/course/artificial-intelligence-az/preview/lecture/doom-step-11","url":"/course/artificial-intelligence-az/learn/lecture/doom-step-11","video":""},{"title":"Doom - Step 12","duration":"06m 49sec","resourses":[],"preview":"/course/artificial-intelligence-az/preview/lecture/doom-step-12","url":"/course/artificial-intelligence-az/learn/lecture/doom-step-12","video":""},{"title":"Doom - Step 13","duration":"15m 32sec","resourses":[],"preview":"/course/artificial-intelligence-az/preview/lecture/doom-step-13","url":"/course/artificial-intelligence-az/learn/lecture/doom-step-13","video":""},{"title":"Doom - Step 14","duration":"08m 27sec","resourses":[],"preview":"/course/artificial-intelligence-az/preview/lecture/doom-step-14","url":"/course/artificial-intelligence-az/learn/lecture/doom-step-14","video":""},{"title":"Doom - Step 15","duration":"10m 37sec","resourses":[],"preview":"/course/artificial-intelligence-az/preview/lecture/doom-step-15","url":"/course/artificial-intelligence-az/learn/lecture/doom-step-15","video":""},{"title":"Doom - Step 16","duration":"17m 20sec","resourses":[],"preview":"/course/artificial-intelligence-az/preview/lecture/doom-step-16","url":"/course/artificial-intelligence-az/learn/lecture/doom-step-16","video":""}]},{"title":"Deep Convolutional Q-Learning Visualization","total":5,"duration":"29m 50sec","lessons":[{"title":"Doom - Step 17","duration":"06sec","resourses":[],"preview":"/course/artificial-intelligence-az/preview/lecture/doom-step-17","url":"/course/artificial-intelligence-az/learn/lecture/doom-step-17","video":""},{"title":"Quick Note for Colab","duration":"24sec","resourses":[],"preview":"/course/artificial-intelligence-az/preview/lecture/quick-note-for-colab","url":"/course/artificial-intelligence-az/learn/lecture/quick-note-for-colab","video":""},{"title":"Doom - Step 18","duration":"14m 18sec","resourses":[],"preview":"/course/artificial-intelligence-az/preview/lecture/doom-step-18","url":"/course/artificial-intelligence-az/learn/lecture/doom-step-18","video":""},{"title":"Doom - Step 19","duration":"14m 30sec","resourses":[],"preview":"/course/artificial-intelligence-az/preview/lecture/doom-step-19","url":"/course/artificial-intelligence-az/learn/lecture/doom-step-19","video":""},{"title":"Doom - Step 20","duration":"31sec","resourses":[],"preview":"/course/artificial-intelligence-az/preview/lecture/doom-step-20","url":"/course/artificial-intelligence-az/learn/lecture/doom-step-20","video":""}]},{"title":"---------- Part 3 - A3C ----------","total":1,"duration":"21sec","lessons":[{"title":"Welcome to Part 3 - A3C","duration":"21sec","resourses":[],"preview":"/course/artificial-intelligence-az/preview/lecture/welcome-to-part-3-a3c","url":"/course/artificial-intelligence-az/learn/lecture/welcome-to-part-3-a3c","video":""}]},{"title":"A3C Intuition","total":6,"duration":"57m 38sec","lessons":[{"title":"Plan of Attack","duration":"03m 39sec","resourses":[],"preview":"/course/artificial-intelligence-az/preview/lecture/plan-of-attack","url":"/course/artificial-intelligence-az/learn/lecture/plan-of-attack","video":""},{"title":"The three A's in A3C","duration":"04m 44sec","resourses":[],"preview":"/course/artificial-intelligence-az/preview/lecture/the-three-a's-in-a3c","url":"/course/artificial-intelligence-az/learn/lecture/the-three-a's-in-a3c","video":""},{"title":"Actor-Critic","duration":"06m 36sec","resourses":[],"preview":"/course/artificial-intelligence-az/preview/lecture/actor-critic","url":"/course/artificial-intelligence-az/learn/lecture/actor-critic","video":""},{"title":"Asynchronous","duration":"11m 42sec","resourses":[],"preview":"/course/artificial-intelligence-az/preview/lecture/asynchronous","url":"/course/artificial-intelligence-az/learn/lecture/asynchronous","video":""},{"title":"Advantage","duration":"15m 21sec","resourses":[],"preview":"/course/artificial-intelligence-az/preview/lecture/advantage","url":"/course/artificial-intelligence-az/learn/lecture/advantage","video":""},{"title":"LSTM Layer","duration":"15m 36sec","resourses":[],"preview":"/course/artificial-intelligence-az/preview/lecture/lstm-layer","url":"/course/artificial-intelligence-az/learn/lecture/lstm-layer","video":""}]},{"title":"A3C Implementation","total":16,"duration":"02h 20m","lessons":[{"title":"Plan of Attack","duration":"01m 03sec","resourses":[],"preview":"/course/artificial-intelligence-az/preview/lecture/plan-of-attack","url":"/course/artificial-intelligence-az/learn/lecture/plan-of-attack","video":""},{"title":"Get the Datasets here","duration":"07sec","resourses":[],"preview":"/course/artificial-intelligence-az/preview/lecture/get-the-datasets-here","url":"/course/artificial-intelligence-az/learn/lecture/get-the-datasets-here","video":""},{"title":"Breakout - Step 1","duration":"10m 07sec","resourses":[],"preview":"/course/artificial-intelligence-az/preview/lecture/breakout-step-1","url":"/course/artificial-intelligence-az/learn/lecture/breakout-step-1","video":""},{"title":"Breakout - Step 2","duration":"08m 01sec","resourses":[],"preview":"/course/artificial-intelligence-az/preview/lecture/breakout-step-2","url":"/course/artificial-intelligence-az/learn/lecture/breakout-step-2","video":""},{"title":"Breakout - Step 3","duration":"12m 24sec","resourses":[],"preview":"/course/artificial-intelligence-az/preview/lecture/breakout-step-3","url":"/course/artificial-intelligence-az/learn/lecture/breakout-step-3","video":""},{"title":"Breakout - Step 4","duration":"12m 58sec","resourses":[],"preview":"/course/artificial-intelligence-az/preview/lecture/breakout-step-4","url":"/course/artificial-intelligence-az/learn/lecture/breakout-step-4","video":""},{"title":"Breakout - Step 5","duration":"10m 32sec","resourses":[],"preview":"/course/artificial-intelligence-az/preview/lecture/breakout-step-5","url":"/course/artificial-intelligence-az/learn/lecture/breakout-step-5","video":""},{"title":"Breakout - Step 6","duration":"11m 46sec","resourses":[],"preview":"/course/artificial-intelligence-az/preview/lecture/breakout-step-6","url":"/course/artificial-intelligence-az/learn/lecture/breakout-step-6","video":""},{"title":"Breakout - Step 7","duration":"07m 46sec","resourses":[],"preview":"/course/artificial-intelligence-az/preview/lecture/breakout-step-7","url":"/course/artificial-intelligence-az/learn/lecture/breakout-step-7","video":""},{"title":"Breakout - Step 8","duration":"11m 30sec","resourses":[],"preview":"/course/artificial-intelligence-az/preview/lecture/breakout-step-8","url":"/course/artificial-intelligence-az/learn/lecture/breakout-step-8","video":""},{"title":"Breakout - Step 9","duration":"11m 31sec","resourses":[],"preview":"/course/artificial-intelligence-az/preview/lecture/breakout-step-9","url":"/course/artificial-intelligence-az/learn/lecture/breakout-step-9","video":""},{"title":"Breakout - Step 10","duration":"08m 05sec","resourses":[],"preview":"/course/artificial-intelligence-az/preview/lecture/breakout-step-10","url":"/course/artificial-intelligence-az/learn/lecture/breakout-step-10","video":""},{"title":"Breakout - Step 11","duration":"05m 06sec","resourses":[],"preview":"/course/artificial-intelligence-az/preview/lecture/breakout-step-11","url":"/course/artificial-intelligence-az/learn/lecture/breakout-step-11","video":""},{"title":"Breakout - Step 12","duration":"15m 39sec","resourses":[],"preview":"/course/artificial-intelligence-az/preview/lecture/breakout-step-12","url":"/course/artificial-intelligence-az/learn/lecture/breakout-step-12","video":""},{"title":"Breakout - Step 13","duration":"08m 22sec","resourses":[],"preview":"/course/artificial-intelligence-az/preview/lecture/breakout-step-13","url":"/course/artificial-intelligence-az/learn/lecture/breakout-step-13","video":""},{"title":"Breakout - Step 14","duration":"05m 21sec","resourses":[],"preview":"/course/artificial-intelligence-az/preview/lecture/breakout-step-14","url":"/course/artificial-intelligence-az/learn/lecture/breakout-step-14","video":""}]},{"title":"A3C Visualization","total":2,"duration":"13m 31sec","lessons":[{"title":"Watching our AI play Breakout","duration":"10m 51sec","resourses":[],"preview":"/course/artificial-intelligence-az/preview/lecture/watching-our-ai-play-breakout","url":"/course/artificial-intelligence-az/learn/lecture/watching-our-ai-play-breakout","video":""},{"title":"THANK YOU Video","duration":"02m 40sec","resourses":[],"preview":"/course/artificial-intelligence-az/preview/lecture/thank-you-video","url":"/course/artificial-intelligence-az/learn/lecture/thank-you-video","video":""}]},{"title":"Annex 1: Artificial Neural Networks","total":9,"duration":"01h 30m","lessons":[{"title":"What is Deep Learning?","duration":"12m 34sec","resourses":[],"preview":"/course/artificial-intelligence-az/preview/lecture/what-is-deep-learning","url":"/course/artificial-intelligence-az/learn/lecture/what-is-deep-learning","video":""},{"title":"Plan of Attack","duration":"02m 51sec","resourses":[],"preview":"/course/artificial-intelligence-az/preview/lecture/plan-of-attack","url":"/course/artificial-intelligence-az/learn/lecture/plan-of-attack","video":""},{"title":"The Neuron","duration":"16m 15sec","resourses":[],"preview":"/course/artificial-intelligence-az/preview/lecture/the-neuron","url":"/course/artificial-intelligence-az/learn/lecture/the-neuron","video":""},{"title":"The Activation Function","duration":"08m 29sec","resourses":[],"preview":"/course/artificial-intelligence-az/preview/lecture/the-activation-function","url":"/course/artificial-intelligence-az/learn/lecture/the-activation-function","video":""},{"title":"How do Neural Networks work?","duration":"12m 47sec","resourses":[],"preview":"/course/artificial-intelligence-az/preview/lecture/how-do-neural-networks-work","url":"/course/artificial-intelligence-az/learn/lecture/how-do-neural-networks-work","video":""},{"title":"How do Neural Networks learn?","duration":"12m 58sec","resourses":[],"preview":"/course/artificial-intelligence-az/preview/lecture/how-do-neural-networks-learn","url":"/course/artificial-intelligence-az/learn/lecture/how-do-neural-networks-learn","video":""},{"title":"Gradient Descent","duration":"10m 12sec","resourses":[],"preview":"/course/artificial-intelligence-az/preview/lecture/gradient-descent","url":"/course/artificial-intelligence-az/learn/lecture/gradient-descent","video":""},{"title":"Stochastic Gradient Descent","duration":"08m 44sec","resourses":[],"preview":"/course/artificial-intelligence-az/preview/lecture/stochastic-gradient-descent","url":"/course/artificial-intelligence-az/learn/lecture/stochastic-gradient-descent","video":""},{"title":"Backpropagation","duration":"05m 21sec","resourses":[],"preview":"/course/artificial-intelligence-az/preview/lecture/backpropagation","url":"/course/artificial-intelligence-az/learn/lecture/backpropagation","video":""}]},{"title":"Annex 2: Convolutional Neural Networks","total":9,"duration":"01h 40m","lessons":[{"title":"Plan of Attack","duration":"03m 31sec","resourses":[],"preview":"/course/artificial-intelligence-az/preview/lecture/plan-of-attack","url":"/course/artificial-intelligence-az/learn/lecture/plan-of-attack","video":""},{"title":"What are convolutional neural networks?","duration":"15m 49sec","resourses":[],"preview":"/course/artificial-intelligence-az/preview/lecture/what-are-convolutional-neural-networks","url":"/course/artificial-intelligence-az/learn/lecture/what-are-convolutional-neural-networks","video":""},{"title":"Step 1 - Convolution Operation","duration":"16m 38sec","resourses":[],"preview":"/course/artificial-intelligence-az/preview/lecture/step-1-convolution-operation","url":"/course/artificial-intelligence-az/learn/lecture/step-1-convolution-operation","video":""},{"title":"Step 1(b) - ReLU Layer","duration":"06m 41sec","resourses":[],"preview":"/course/artificial-intelligence-az/preview/lecture/step-1(b)-relu-layer","url":"/course/artificial-intelligence-az/learn/lecture/step-1(b)-relu-layer","video":""},{"title":"Step 2 - Pooling","duration":"14m 13sec","resourses":[],"preview":"/course/artificial-intelligence-az/preview/lecture/step-2-pooling","url":"/course/artificial-intelligence-az/learn/lecture/step-2-pooling","video":""},{"title":"Step 3 - Flattening","duration":"01m 52sec","resourses":[],"preview":"/course/artificial-intelligence-az/preview/lecture/step-3-flattening","url":"/course/artificial-intelligence-az/learn/lecture/step-3-flattening","video":""},{"title":"Step 4 - Full Connection","duration":"19m 24sec","resourses":[],"preview":"/course/artificial-intelligence-az/preview/lecture/step-4-full-connection","url":"/course/artificial-intelligence-az/learn/lecture/step-4-full-connection","video":""},{"title":"Summary","duration":"04m 19sec","resourses":[],"preview":"/course/artificial-intelligence-az/preview/lecture/summary","url":"/course/artificial-intelligence-az/learn/lecture/summary","video":""},{"title":"Softmax & Cross-Entropy","duration":"18m 20sec","resourses":[],"preview":"/course/artificial-intelligence-az/preview/lecture/softmax-and-cross-entropy","url":"/course/artificial-intelligence-az/learn/lecture/softmax-and-cross-entropy","video":""}]},{"title":"Extra Materials","total":8,"duration":"27m 48sec","lessons":[{"title":"Extra Section Intro","duration":"11sec","resourses":[],"preview":"/course/artificial-intelligence-az/preview/lecture/extra-section-intro","url":"/course/artificial-intelligence-az/learn/lecture/extra-section-intro","video":""},{"title":"Extra Section - Q - Learning","duration":"01m 15sec","resourses":[],"preview":"/course/artificial-intelligence-az/preview/lecture/extra-section-q-learning","url":"/course/artificial-intelligence-az/learn/lecture/extra-section-q-learning","video":""},{"title":"Extra Section - Q - Learning Part II","duration":"04m 07sec","resourses":[],"preview":"/course/artificial-intelligence-az/preview/lecture/extra-section-q-learning-part-ii","url":"/course/artificial-intelligence-az/learn/lecture/extra-section-q-learning-part-ii","video":""},{"title":"Extra Section - Q - Learning Part III","duration":"07m 04sec","resourses":[],"preview":"/course/artificial-intelligence-az/preview/lecture/extra-section-q-learning-part-iii","url":"/course/artificial-intelligence-az/learn/lecture/extra-section-q-learning-part-iii","video":""},{"title":"Extra Section - Q - Learning Part IV","duration":"04m 40sec","resourses":[],"preview":"/course/artificial-intelligence-az/preview/lecture/extra-section-q-learning-part-iv","url":"/course/artificial-intelligence-az/learn/lecture/extra-section-q-learning-part-iv","video":""},{"title":"Extra Section - Q - Learning - Part V","duration":"01m 09sec","resourses":[],"preview":"/course/artificial-intelligence-az/preview/lecture/extra-section-q-learning-part-v","url":"/course/artificial-intelligence-az/learn/lecture/extra-section-q-learning-part-v","video":""},{"title":"Extra Section - Q - Learning Section VI","duration":"08m 05sec","resourses":[],"preview":"/course/artificial-intelligence-az/preview/lecture/extra-section-q-learning-section-vi","url":"/course/artificial-intelligence-az/learn/lecture/extra-section-q-learning-section-vi","video":""},{"title":"***YOUR SPECIAL BONUS***","duration":"01m 17sec","resourses":[],"preview":"/course/artificial-intelligence-az/preview/lecture/***your-special-bonus***","url":"/course/artificial-intelligence-az/learn/lecture/***your-special-bonus***","video":""}]}]}