{"duration":"02h 56m duration","total":73,"sections":[{"title":"Course Content","total":71,"duration":"02h 56m","lessons":[{"title":"Introduction","duration":"02m 30sec","resourses":[],"preview":"/course/create-e-commerce-web-application-using-node-js/preview/lecture/introduction","url":"/course/create-e-commerce-web-application-using-node-js/learn/lecture/introduction","video":""},{"title":"Which IDE to use","duration":"01m 14sec","resourses":[],"preview":"/course/create-e-commerce-web-application-using-node-js/preview/lecture/which-ide-to-use","url":"/course/create-e-commerce-web-application-using-node-js/learn/lecture/which-ide-to-use","video":""},{"title":"Install node","duration":"02m 32sec","resourses":[],"preview":"/course/create-e-commerce-web-application-using-node-js/preview/lecture/install-node","url":"/course/create-e-commerce-web-application-using-node-js/learn/lecture/install-node","video":""},{"title":"Project folder","duration":"04m 03sec","resourses":[],"preview":"/course/create-e-commerce-web-application-using-node-js/preview/lecture/project-folder","url":"/course/create-e-commerce-web-application-using-node-js/learn/lecture/project-folder","video":""},{"title":"Project structure","duration":"03m 09sec","resourses":[],"preview":"/course/create-e-commerce-web-application-using-node-js/preview/lecture/project-structure","url":"/course/create-e-commerce-web-application-using-node-js/learn/lecture/project-structure","video":""},{"title":"Express","duration":"03m 37sec","resourses":[],"preview":"/course/create-e-commerce-web-application-using-node-js/preview/lecture/express","url":"/course/create-e-commerce-web-application-using-node-js/learn/lecture/express","video":""},{"title":"Run project","duration":"02m 26sec","resourses":[],"preview":"/course/create-e-commerce-web-application-using-node-js/preview/lecture/run-project","url":"/course/create-e-commerce-web-application-using-node-js/learn/lecture/run-project","video":""},{"title":"HTML","duration":"04m 49sec","resourses":[],"preview":"/course/create-e-commerce-web-application-using-node-js/preview/lecture/html","url":"/course/create-e-commerce-web-application-using-node-js/learn/lecture/html","video":""},{"title":"Testing HTML","duration":"01m 15sec","resourses":[],"preview":"/course/create-e-commerce-web-application-using-node-js/preview/lecture/testing-html","url":"/course/create-e-commerce-web-application-using-node-js/learn/lecture/testing-html","video":""},{"title":"Import","duration":"04m 01sec","resourses":[],"preview":"/course/create-e-commerce-web-application-using-node-js/preview/lecture/import","url":"/course/create-e-commerce-web-application-using-node-js/learn/lecture/import","video":""},{"title":"The template","duration":"00sec","resourses":[],"preview":"/course/create-e-commerce-web-application-using-node-js/preview/lecture/the-template","url":"/course/create-e-commerce-web-application-using-node-js/learn/lecture/the-template","video":""},{"title":"CSS","duration":"01m 47sec","resourses":[],"preview":"/course/create-e-commerce-web-application-using-node-js/preview/lecture/css","url":"/course/create-e-commerce-web-application-using-node-js/learn/lecture/css","video":""},{"title":"Scss","duration":"33sec","resourses":[],"preview":"/course/create-e-commerce-web-application-using-node-js/preview/lecture/scss","url":"/course/create-e-commerce-web-application-using-node-js/learn/lecture/scss","video":""},{"title":"Body parser","duration":"01m 40sec","resourses":[],"preview":"/course/create-e-commerce-web-application-using-node-js/preview/lecture/body-parser","url":"/course/create-e-commerce-web-application-using-node-js/learn/lecture/body-parser","video":""},{"title":"Installing XAMP - Mac users","duration":"03m 52sec","resourses":[],"preview":"/course/create-e-commerce-web-application-using-node-js/preview/lecture/installing-xamp-mac-users","url":"/course/create-e-commerce-web-application-using-node-js/learn/lecture/installing-xamp-mac-users","video":""},{"title":"Installing XAMP - Windows users","duration":"01m 37sec","resourses":[],"preview":"/course/create-e-commerce-web-application-using-node-js/preview/lecture/installing-xamp-windows-users","url":"/course/create-e-commerce-web-application-using-node-js/learn/lecture/installing-xamp-windows-users","video":""},{"title":"XAMPP","duration":"38sec","resourses":[],"preview":"/course/create-e-commerce-web-application-using-node-js/preview/lecture/xampp","url":"/course/create-e-commerce-web-application-using-node-js/learn/lecture/xampp","video":""},{"title":"Installing MySql","duration":"45sec","resourses":[],"preview":"/course/create-e-commerce-web-application-using-node-js/preview/lecture/installing-mysql","url":"/course/create-e-commerce-web-application-using-node-js/learn/lecture/installing-mysql","video":""},{"title":"MySql connection","duration":"03m 30sec","resourses":[],"preview":"/course/create-e-commerce-web-application-using-node-js/preview/lecture/mysql-connection","url":"/course/create-e-commerce-web-application-using-node-js/learn/lecture/mysql-connection","video":""},{"title":"Table","duration":"03m 58sec","resourses":[],"preview":"/course/create-e-commerce-web-application-using-node-js/preview/lecture/table","url":"/course/create-e-commerce-web-application-using-node-js/learn/lecture/table","video":""},{"title":"Products","duration":"03m 30sec","resourses":[],"preview":"/course/create-e-commerce-web-application-using-node-js/preview/lecture/products","url":"/course/create-e-commerce-web-application-using-node-js/learn/lecture/products","video":""},{"title":"Result","duration":"02m 16sec","resourses":[],"preview":"/course/create-e-commerce-web-application-using-node-js/preview/lecture/result","url":"/course/create-e-commerce-web-application-using-node-js/learn/lecture/result","video":""},{"title":"Foreach","duration":"05m 35sec","resourses":[],"preview":"/course/create-e-commerce-web-application-using-node-js/preview/lecture/foreach","url":"/course/create-e-commerce-web-application-using-node-js/learn/lecture/foreach","video":""},{"title":"Session","duration":"02m 13sec","resourses":[],"preview":"/course/create-e-commerce-web-application-using-node-js/preview/lecture/session","url":"/course/create-e-commerce-web-application-using-node-js/learn/lecture/session","video":""},{"title":"Cart form","duration":"03m 58sec","resourses":[],"preview":"/course/create-e-commerce-web-application-using-node-js/preview/lecture/cart-form","url":"/course/create-e-commerce-web-application-using-node-js/learn/lecture/cart-form","video":""},{"title":"Cart inputs","duration":"03m 27sec","resourses":[],"preview":"/course/create-e-commerce-web-application-using-node-js/preview/lecture/cart-inputs","url":"/course/create-e-commerce-web-application-using-node-js/learn/lecture/cart-inputs","video":""},{"title":"Add to cart","duration":"02m 26sec","resourses":[],"preview":"/course/create-e-commerce-web-application-using-node-js/preview/lecture/add-to-cart","url":"/course/create-e-commerce-web-application-using-node-js/learn/lecture/add-to-cart","video":""},{"title":"Product cart","duration":"02m 43sec","resourses":[],"preview":"/course/create-e-commerce-web-application-using-node-js/preview/lecture/product-cart","url":"/course/create-e-commerce-web-application-using-node-js/learn/lecture/product-cart","video":""},{"title":"Return cart","duration":"01m 40sec","resourses":[],"preview":"/course/create-e-commerce-web-application-using-node-js/preview/lecture/return-cart","url":"/course/create-e-commerce-web-application-using-node-js/learn/lecture/return-cart","video":""},{"title":"Total","duration":"04m 34sec","resourses":[],"preview":"/course/create-e-commerce-web-application-using-node-js/preview/lecture/total","url":"/course/create-e-commerce-web-application-using-node-js/learn/lecture/total","video":""},{"title":"Cart quantity","duration":"26sec","resourses":[],"preview":"/course/create-e-commerce-web-application-using-node-js/preview/lecture/cart-quantity","url":"/course/create-e-commerce-web-application-using-node-js/learn/lecture/cart-quantity","video":""},{"title":"Cart url","duration":"01m 23sec","resourses":[],"preview":"/course/create-e-commerce-web-application-using-node-js/preview/lecture/cart-url","url":"/course/create-e-commerce-web-application-using-node-js/learn/lecture/cart-url","video":""},{"title":"Cart page","duration":"02m 44sec","resourses":[],"preview":"/course/create-e-commerce-web-application-using-node-js/preview/lecture/cart-page","url":"/course/create-e-commerce-web-application-using-node-js/learn/lecture/cart-page","video":""},{"title":"If sale","duration":"03m 37sec","resourses":[],"preview":"/course/create-e-commerce-web-application-using-node-js/preview/lecture/if-sale","url":"/course/create-e-commerce-web-application-using-node-js/learn/lecture/if-sale","video":""},{"title":"Cart table","duration":"09sec","resourses":[],"preview":"/course/create-e-commerce-web-application-using-node-js/preview/lecture/cart-table","url":"/course/create-e-commerce-web-application-using-node-js/learn/lecture/cart-table","video":""},{"title":"Testing cart","duration":"42sec","resourses":[],"preview":"/course/create-e-commerce-web-application-using-node-js/preview/lecture/testing-cart","url":"/course/create-e-commerce-web-application-using-node-js/learn/lecture/testing-cart","video":""},{"title":"Total cart","duration":"35sec","resourses":[],"preview":"/course/create-e-commerce-web-application-using-node-js/preview/lecture/total-cart","url":"/course/create-e-commerce-web-application-using-node-js/learn/lecture/total-cart","video":""},{"title":"Remove form","duration":"01m 24sec","resourses":[],"preview":"/course/create-e-commerce-web-application-using-node-js/preview/lecture/remove-form","url":"/course/create-e-commerce-web-application-using-node-js/learn/lecture/remove-form","video":""},{"title":"Remove url","duration":"03m 46sec","resourses":[],"preview":"/course/create-e-commerce-web-application-using-node-js/preview/lecture/remove-url","url":"/course/create-e-commerce-web-application-using-node-js/learn/lecture/remove-url","video":""},{"title":"Testing remove","duration":"35sec","resourses":[],"preview":"/course/create-e-commerce-web-application-using-node-js/preview/lecture/testing-remove","url":"/course/create-e-commerce-web-application-using-node-js/learn/lecture/testing-remove","video":""},{"title":"Quantity form","duration":"03m 54sec","resourses":[],"preview":"/course/create-e-commerce-web-application-using-node-js/preview/lecture/quantity-form","url":"/course/create-e-commerce-web-application-using-node-js/learn/lecture/quantity-form","video":""},{"title":"Quantity inputs","duration":"02m 24sec","resourses":[],"preview":"/course/create-e-commerce-web-application-using-node-js/preview/lecture/quantity-inputs","url":"/course/create-e-commerce-web-application-using-node-js/learn/lecture/quantity-inputs","video":""},{"title":"Edit quantity","duration":"04m 56sec","resourses":[],"preview":"/course/create-e-commerce-web-application-using-node-js/preview/lecture/edit-quantity","url":"/course/create-e-commerce-web-application-using-node-js/learn/lecture/edit-quantity","video":""},{"title":"Testing quantity","duration":"01m 03sec","resourses":[],"preview":"/course/create-e-commerce-web-application-using-node-js/preview/lecture/testing-quantity","url":"/course/create-e-commerce-web-application-using-node-js/learn/lecture/testing-quantity","video":""},{"title":"Tables","duration":"06m 17sec","resourses":[],"preview":"/course/create-e-commerce-web-application-using-node-js/preview/lecture/tables","url":"/course/create-e-commerce-web-application-using-node-js/learn/lecture/tables","video":""},{"title":"Table int","duration":"02m 45sec","resourses":[],"preview":"/course/create-e-commerce-web-application-using-node-js/preview/lecture/table-int","url":"/course/create-e-commerce-web-application-using-node-js/learn/lecture/table-int","video":""},{"title":"Checkout url","duration":"03m 14sec","resourses":[],"preview":"/course/create-e-commerce-web-application-using-node-js/preview/lecture/checkout-url","url":"/course/create-e-commerce-web-application-using-node-js/learn/lecture/checkout-url","video":""},{"title":"Place order","duration":"08m 03sec","resourses":[],"preview":"/course/create-e-commerce-web-application-using-node-js/preview/lecture/place-order","url":"/course/create-e-commerce-web-application-using-node-js/learn/lecture/place-order","video":""},{"title":"Checkout total","duration":"54sec","resourses":[],"preview":"/course/create-e-commerce-web-application-using-node-js/preview/lecture/checkout-total","url":"/course/create-e-commerce-web-application-using-node-js/learn/lecture/checkout-total","video":""},{"title":"Testing checkout","duration":"01m 25sec","resourses":[],"preview":"/course/create-e-commerce-web-application-using-node-js/preview/lecture/testing-checkout","url":"/course/create-e-commerce-web-application-using-node-js/learn/lecture/testing-checkout","video":""},{"title":"Products ids","duration":"02m 44sec","resourses":[],"preview":"/course/create-e-commerce-web-application-using-node-js/preview/lecture/products-ids","url":"/course/create-e-commerce-web-application-using-node-js/learn/lecture/products-ids","video":""},{"title":"Order items","duration":"01m 19sec","resourses":[],"preview":"/course/create-e-commerce-web-application-using-node-js/preview/lecture/order-items","url":"/course/create-e-commerce-web-application-using-node-js/learn/lecture/order-items","video":""},{"title":"Paypal","duration":"03m 12sec","resourses":[],"preview":"/course/create-e-commerce-web-application-using-node-js/preview/lecture/paypal","url":"/course/create-e-commerce-web-application-using-node-js/learn/lecture/paypal","video":""},{"title":"Paypal app 1","duration":"04m 43sec","resourses":[],"preview":"/course/create-e-commerce-web-application-using-node-js/preview/lecture/paypal-app-1","url":"/course/create-e-commerce-web-application-using-node-js/learn/lecture/paypal-app-1","video":""},{"title":"Paypal app 2","duration":"01m 22sec","resourses":[],"preview":"/course/create-e-commerce-web-application-using-node-js/preview/lecture/paypal-app-2","url":"/course/create-e-commerce-web-application-using-node-js/learn/lecture/paypal-app-2","video":""},{"title":"Paypal credentials","duration":"01m 25sec","resourses":[],"preview":"/course/create-e-commerce-web-application-using-node-js/preview/lecture/paypal-credentials","url":"/course/create-e-commerce-web-application-using-node-js/learn/lecture/paypal-credentials","video":""},{"title":"Payment design","duration":"41sec","resourses":[],"preview":"/course/create-e-commerce-web-application-using-node-js/preview/lecture/payment-design","url":"/course/create-e-commerce-web-application-using-node-js/learn/lecture/payment-design","video":""},{"title":"Paypal button","duration":"06m 42sec","resourses":[],"preview":"/course/create-e-commerce-web-application-using-node-js/preview/lecture/paypal-button","url":"/course/create-e-commerce-web-application-using-node-js/learn/lecture/paypal-button","video":""},{"title":"Payment total","duration":"33sec","resourses":[],"preview":"/course/create-e-commerce-web-application-using-node-js/preview/lecture/payment-total","url":"/course/create-e-commerce-web-application-using-node-js/learn/lecture/payment-total","video":""},{"title":"Testing PayPal","duration":"02m 26sec","resourses":[],"preview":"/course/create-e-commerce-web-application-using-node-js/preview/lecture/testing-paypal","url":"/course/create-e-commerce-web-application-using-node-js/learn/lecture/testing-paypal","video":""},{"title":"Verify payment","duration":"01m 40sec","resourses":[],"preview":"/course/create-e-commerce-web-application-using-node-js/preview/lecture/verify-payment","url":"/course/create-e-commerce-web-application-using-node-js/learn/lecture/verify-payment","video":""},{"title":"Order id","duration":"01m 12sec","resourses":[],"preview":"/course/create-e-commerce-web-application-using-node-js/preview/lecture/order-id","url":"/course/create-e-commerce-web-application-using-node-js/learn/lecture/order-id","video":""},{"title":"Thank you","duration":"07m 20sec","resourses":[],"preview":"/course/create-e-commerce-web-application-using-node-js/preview/lecture/thank-you","url":"/course/create-e-commerce-web-application-using-node-js/learn/lecture/thank-you","video":""},{"title":"Status paid","duration":"38sec","resourses":[],"preview":"/course/create-e-commerce-web-application-using-node-js/preview/lecture/status-paid","url":"/course/create-e-commerce-web-application-using-node-js/learn/lecture/status-paid","video":""},{"title":"Testing Thank you page","duration":"02m 44sec","resourses":[],"preview":"/course/create-e-commerce-web-application-using-node-js/preview/lecture/testing-thank-you-page","url":"/course/create-e-commerce-web-application-using-node-js/learn/lecture/testing-thank-you-page","video":""},{"title":"PayPal live","duration":"01m 14sec","resourses":[],"preview":"/course/create-e-commerce-web-application-using-node-js/preview/lecture/paypal-live","url":"/course/create-e-commerce-web-application-using-node-js/learn/lecture/paypal-live","video":""},{"title":"Testing PayPal live","duration":"01m 01sec","resourses":[],"preview":"/course/create-e-commerce-web-application-using-node-js/preview/lecture/testing-paypal-live","url":"/course/create-e-commerce-web-application-using-node-js/learn/lecture/testing-paypal-live","video":""},{"title":"Product url","duration":"01m 47sec","resourses":[],"preview":"/course/create-e-commerce-web-application-using-node-js/preview/lecture/product-url","url":"/course/create-e-commerce-web-application-using-node-js/learn/lecture/product-url","video":""},{"title":"Single url","duration":"01m 09sec","resourses":[],"preview":"/course/create-e-commerce-web-application-using-node-js/preview/lecture/single-url","url":"/course/create-e-commerce-web-application-using-node-js/learn/lecture/single-url","video":""},{"title":"Products","duration":"01m 09sec","resourses":[],"preview":"/course/create-e-commerce-web-application-using-node-js/preview/lecture/products","url":"/course/create-e-commerce-web-application-using-node-js/learn/lecture/products","video":""},{"title":"Nav url","duration":"44sec","resourses":[],"preview":"/course/create-e-commerce-web-application-using-node-js/preview/lecture/nav-url","url":"/course/create-e-commerce-web-application-using-node-js/learn/lecture/nav-url","video":""}]},{"title":"Project files","total":2,"duration":"01sec","lessons":[{"title":"Project files","duration":"00sec","resourses":[],"preview":"/course/create-e-commerce-web-application-using-node-js/preview/lecture/project-files","url":"/course/create-e-commerce-web-application-using-node-js/learn/lecture/project-files","video":""},{"title":"Template","duration":"00sec","resourses":[],"preview":"/course/create-e-commerce-web-application-using-node-js/preview/lecture/template","url":"/course/create-e-commerce-web-application-using-node-js/learn/lecture/template","video":""}]}]}