{"duration":"37h 30m duration","total":151,"sections":[{"title":"Welcome and First Steps","total":8,"duration":"48m 02sec","lessons":[{"title":"Course Structure and Projects","duration":"05m 34sec","resourses":[],"preview":"/course/design-and-develop-a-killer-website-with-html5-and-css3/preview/lecture/course-structure-and-projects","url":"/course/design-and-develop-a-killer-website-with-html5-and-css3/learn/lecture/course-structure-and-projects","video":""},{"title":"Read Before You Start!","duration":"45sec","resourses":[],"preview":"/course/design-and-develop-a-killer-website-with-html5-and-css3/preview/lecture/read-before-you-start!","url":"/course/design-and-develop-a-killer-website-with-html5-and-css3/learn/lecture/read-before-you-start!","video":""},{"title":"Migration Guide to v2","duration":"01m 50sec","resourses":[],"preview":"/course/design-and-develop-a-killer-website-with-html5-and-css3/preview/lecture/migration-guide-to-v2","url":"/course/design-and-develop-a-killer-website-with-html5-and-css3/learn/lecture/migration-guide-to-v2","video":""},{"title":"A High-Level Overview of Web Development","duration":"11m 01sec","resourses":[],"preview":"/course/design-and-develop-a-killer-website-with-html5-and-css3/preview/lecture/a-high-level-overview-of-web-development","url":"/course/design-and-develop-a-killer-website-with-html5-and-css3/learn/lecture/a-high-level-overview-of-web-development","video":""},{"title":"Setting Up Our Code Editor","duration":"08m 52sec","resourses":[],"preview":"/course/design-and-develop-a-killer-website-with-html5-and-css3/preview/lecture/setting-up-our-code-editor","url":"/course/design-and-develop-a-killer-website-with-html5-and-css3/learn/lecture/setting-up-our-code-editor","video":""},{"title":"Your Very First Webpage!","duration":"09m 55sec","resourses":[],"preview":"/course/design-and-develop-a-killer-website-with-html5-and-css3/preview/lecture/your-very-first-webpage!","url":"/course/design-and-develop-a-killer-website-with-html5-and-css3/learn/lecture/your-very-first-webpage!","video":""},{"title":"Downloading Course Material","duration":"04m 21sec","resourses":[],"preview":"/course/design-and-develop-a-killer-website-with-html5-and-css3/preview/lecture/downloading-course-material","url":"/course/design-and-develop-a-killer-website-with-html5-and-css3/learn/lecture/downloading-course-material","video":""},{"title":"Watch Before You Start!","duration":"05m 44sec","resourses":[],"preview":"/course/design-and-develop-a-killer-website-with-html5-and-css3/preview/lecture/watch-before-you-start!","url":"/course/design-and-develop-a-killer-website-with-html5-and-css3/learn/lecture/watch-before-you-start!","video":""}]},{"title":"HTML Fundamentals","total":12,"duration":"02h 05m","lessons":[{"title":"Section Intro","duration":"40sec","resourses":[],"preview":"/course/design-and-develop-a-killer-website-with-html5-and-css3/preview/lecture/section-intro","url":"/course/design-and-develop-a-killer-website-with-html5-and-css3/learn/lecture/section-intro","video":""},{"title":"Introduction to HTML","duration":"04m 18sec","resourses":[],"preview":"/course/design-and-develop-a-killer-website-with-html5-and-css3/preview/lecture/introduction-to-html","url":"/course/design-and-develop-a-killer-website-with-html5-and-css3/learn/lecture/introduction-to-html","video":""},{"title":"HTML Document Structure","duration":"11m 46sec","resourses":[],"preview":"/course/design-and-develop-a-killer-website-with-html5-and-css3/preview/lecture/html-document-structure","url":"/course/design-and-develop-a-killer-website-with-html5-and-css3/learn/lecture/html-document-structure","video":""},{"title":"Text Elements","duration":"16m 20sec","resourses":[],"preview":"/course/design-and-develop-a-killer-website-with-html5-and-css3/preview/lecture/text-elements","url":"/course/design-and-develop-a-killer-website-with-html5-and-css3/learn/lecture/text-elements","video":""},{"title":"More Text Elements: Lists","duration":"10m 59sec","resourses":[],"preview":"/course/design-and-develop-a-killer-website-with-html5-and-css3/preview/lecture/more-text-elements:-lists","url":"/course/design-and-develop-a-killer-website-with-html5-and-css3/learn/lecture/more-text-elements:-lists","video":""},{"title":"Images and Attributes","duration":"12m 45sec","resourses":[],"preview":"/course/design-and-develop-a-killer-website-with-html5-and-css3/preview/lecture/images-and-attributes","url":"/course/design-and-develop-a-killer-website-with-html5-and-css3/learn/lecture/images-and-attributes","video":""},{"title":"Hyperlinks","duration":"14m 49sec","resourses":[],"preview":"/course/design-and-develop-a-killer-website-with-html5-and-css3/preview/lecture/hyperlinks","url":"/course/design-and-develop-a-killer-website-with-html5-and-css3/learn/lecture/hyperlinks","video":""},{"title":"Structuring our Page","duration":"10m 56sec","resourses":[],"preview":"/course/design-and-develop-a-killer-website-with-html5-and-css3/preview/lecture/structuring-our-page","url":"/course/design-and-develop-a-killer-website-with-html5-and-css3/learn/lecture/structuring-our-page","video":""},{"title":"A Note on Semantic HTML","duration":"06m 27sec","resourses":[],"preview":"/course/design-and-develop-a-killer-website-with-html5-and-css3/preview/lecture/a-note-on-semantic-html","url":"/course/design-and-develop-a-killer-website-with-html5-and-css3/learn/lecture/a-note-on-semantic-html","video":""},{"title":"Installing Additional VS Code Extensions","duration":"07m 14sec","resourses":[],"preview":"/course/design-and-develop-a-killer-website-with-html5-and-css3/preview/lecture/installing-additional-vs-code-extensions","url":"/course/design-and-develop-a-killer-website-with-html5-and-css3/learn/lecture/installing-additional-vs-code-extensions","video":""},{"title":"CHALLENGE #1","duration":"11m 50sec","resourses":[],"preview":"/course/design-and-develop-a-killer-website-with-html5-and-css3/preview/lecture/challenge-1","url":"/course/design-and-develop-a-killer-website-with-html5-and-css3/learn/lecture/challenge-1","video":""},{"title":"CHALLENGE #2","duration":"17m 11sec","resourses":[],"preview":"/course/design-and-develop-a-killer-website-with-html5-and-css3/preview/lecture/challenge-2","url":"/course/design-and-develop-a-killer-website-with-html5-and-css3/learn/lecture/challenge-2","video":""}]},{"title":"CSS Fundamentals","total":24,"duration":"05h 25m","lessons":[{"title":"Section Intro","duration":"56sec","resourses":[],"preview":"/course/design-and-develop-a-killer-website-with-html5-and-css3/preview/lecture/section-intro","url":"/course/design-and-develop-a-killer-website-with-html5-and-css3/learn/lecture/section-intro","video":""},{"title":"Introduction to CSS","duration":"04m 06sec","resourses":[],"preview":"/course/design-and-develop-a-killer-website-with-html5-and-css3/preview/lecture/introduction-to-css","url":"/course/design-and-develop-a-killer-website-with-html5-and-css3/learn/lecture/introduction-to-css","video":""},{"title":"Inline, Internal and External CSS","duration":"12m 12sec","resourses":[],"preview":"/course/design-and-develop-a-killer-website-with-html5-and-css3/preview/lecture/inline-internal-and-external-css","url":"/course/design-and-develop-a-killer-website-with-html5-and-css3/learn/lecture/inline-internal-and-external-css","video":""},{"title":"Styling Text","duration":"15m 31sec","resourses":[],"preview":"/course/design-and-develop-a-killer-website-with-html5-and-css3/preview/lecture/styling-text","url":"/course/design-and-develop-a-killer-website-with-html5-and-css3/learn/lecture/styling-text","video":""},{"title":"Combining Selectors","duration":"09m 12sec","resourses":[],"preview":"/course/design-and-develop-a-killer-website-with-html5-and-css3/preview/lecture/combining-selectors","url":"/course/design-and-develop-a-killer-website-with-html5-and-css3/learn/lecture/combining-selectors","video":""},{"title":"Class and ID Selectors","duration":"15m 23sec","resourses":[],"preview":"/course/design-and-develop-a-killer-website-with-html5-and-css3/preview/lecture/class-and-id-selectors","url":"/course/design-and-develop-a-killer-website-with-html5-and-css3/learn/lecture/class-and-id-selectors","video":""},{"title":"Working With Colors","duration":"24m 07sec","resourses":[],"preview":"/course/design-and-develop-a-killer-website-with-html5-and-css3/preview/lecture/working-with-colors","url":"/course/design-and-develop-a-killer-website-with-html5-and-css3/learn/lecture/working-with-colors","video":""},{"title":"Pseudo-classes","duration":"10m 00sec","resourses":[],"preview":"/course/design-and-develop-a-killer-website-with-html5-and-css3/preview/lecture/pseudo-classes","url":"/course/design-and-develop-a-killer-website-with-html5-and-css3/learn/lecture/pseudo-classes","video":""},{"title":"Styling Hyperlinks","duration":"09m 43sec","resourses":[],"preview":"/course/design-and-develop-a-killer-website-with-html5-and-css3/preview/lecture/styling-hyperlinks","url":"/course/design-and-develop-a-killer-website-with-html5-and-css3/learn/lecture/styling-hyperlinks","video":""},{"title":"Using Chrome DevTools","duration":"08m 04sec","resourses":[],"preview":"/course/design-and-develop-a-killer-website-with-html5-and-css3/preview/lecture/using-chrome-devtools","url":"/course/design-and-develop-a-killer-website-with-html5-and-css3/learn/lecture/using-chrome-devtools","video":""},{"title":"CSS Theory #1: Conflicts Between Selectors","duration":"17m 23sec","resourses":[],"preview":"/course/design-and-develop-a-killer-website-with-html5-and-css3/preview/lecture/css-theory-1:-conflicts-between-selectors","url":"/course/design-and-develop-a-killer-website-with-html5-and-css3/learn/lecture/css-theory-1:-conflicts-between-selectors","video":""},{"title":"CSS Theory #2: Inheritance and the Universal Selector","duration":"14m 36sec","resourses":[],"preview":"/course/design-and-develop-a-killer-website-with-html5-and-css3/preview/lecture/css-theory-2:-inheritance-and-the-universal-selector","url":"/course/design-and-develop-a-killer-website-with-html5-and-css3/learn/lecture/css-theory-2:-inheritance-and-the-universal-selector","video":""},{"title":"CHALLENGE #1","duration":"17m 40sec","resourses":[],"preview":"/course/design-and-develop-a-killer-website-with-html5-and-css3/preview/lecture/challenge-1","url":"/course/design-and-develop-a-killer-website-with-html5-and-css3/learn/lecture/challenge-1","video":""},{"title":"CSS Theory #3: The CSS Box Model","duration":"08m 05sec","resourses":[],"preview":"/course/design-and-develop-a-killer-website-with-html5-and-css3/preview/lecture/css-theory-3:-the-css-box-model","url":"/course/design-and-develop-a-killer-website-with-html5-and-css3/learn/lecture/css-theory-3:-the-css-box-model","video":""},{"title":"Using Margins and Paddings","duration":"22m 07sec","resourses":[],"preview":"/course/design-and-develop-a-killer-website-with-html5-and-css3/preview/lecture/using-margins-and-paddings","url":"/course/design-and-develop-a-killer-website-with-html5-and-css3/learn/lecture/using-margins-and-paddings","video":""},{"title":"Adding Dimensions","duration":"08m 03sec","resourses":[],"preview":"/course/design-and-develop-a-killer-website-with-html5-and-css3/preview/lecture/adding-dimensions","url":"/course/design-and-develop-a-killer-website-with-html5-and-css3/learn/lecture/adding-dimensions","video":""},{"title":"Centering our Page","duration":"07m 56sec","resourses":[],"preview":"/course/design-and-develop-a-killer-website-with-html5-and-css3/preview/lecture/centering-our-page","url":"/course/design-and-develop-a-killer-website-with-html5-and-css3/learn/lecture/centering-our-page","video":""},{"title":"CHALLENGE #2","duration":"10m 59sec","resourses":[],"preview":"/course/design-and-develop-a-killer-website-with-html5-and-css3/preview/lecture/challenge-2","url":"/course/design-and-develop-a-killer-website-with-html5-and-css3/learn/lecture/challenge-2","video":""},{"title":"CSS Theory #4: Types of Boxes","duration":"22m 19sec","resourses":[],"preview":"/course/design-and-develop-a-killer-website-with-html5-and-css3/preview/lecture/css-theory-4:-types-of-boxes","url":"/course/design-and-develop-a-killer-website-with-html5-and-css3/learn/lecture/css-theory-4:-types-of-boxes","video":""},{"title":"CSS Theory #5: Absolute Positioning","duration":"16m 04sec","resourses":[],"preview":"/course/design-and-develop-a-killer-website-with-html5-and-css3/preview/lecture/css-theory-5:-absolute-positioning","url":"/course/design-and-develop-a-killer-website-with-html5-and-css3/learn/lecture/css-theory-5:-absolute-positioning","video":""},{"title":"Pseudo-elements","duration":"16m 51sec","resourses":[],"preview":"/course/design-and-develop-a-killer-website-with-html5-and-css3/preview/lecture/pseudo-elements","url":"/course/design-and-develop-a-killer-website-with-html5-and-css3/learn/lecture/pseudo-elements","video":""},{"title":"Developer Skill #1: Googling and Reading Documentation","duration":"12m 15sec","resourses":[],"preview":"/course/design-and-develop-a-killer-website-with-html5-and-css3/preview/lecture/developer-skill-1:-googling-and-reading-documentation","url":"/course/design-and-develop-a-killer-website-with-html5-and-css3/learn/lecture/developer-skill-1:-googling-and-reading-documentation","video":""},{"title":"Developer Skill #2: Debugging and Asking Questions","duration":"22m 16sec","resourses":[],"preview":"/course/design-and-develop-a-killer-website-with-html5-and-css3/preview/lecture/developer-skill-2:-debugging-and-asking-questions","url":"/course/design-and-develop-a-killer-website-with-html5-and-css3/learn/lecture/developer-skill-2:-debugging-and-asking-questions","video":""},{"title":"CHALLENGE #3","duration":"19m 37sec","resourses":[],"preview":"/course/design-and-develop-a-killer-website-with-html5-and-css3/preview/lecture/challenge-3","url":"/course/design-and-develop-a-killer-website-with-html5-and-css3/learn/lecture/challenge-3","video":""}]},{"title":"Layouts: Floats, Flexbox, and CSS Grid Fundamentals","total":21,"duration":"04h 02m","lessons":[{"title":"Section Intro","duration":"01m 18sec","resourses":[],"preview":"/course/design-and-develop-a-killer-website-with-html5-and-css3/preview/lecture/section-intro","url":"/course/design-and-develop-a-killer-website-with-html5-and-css3/learn/lecture/section-intro","video":""},{"title":"The 3 Ways of Building Layouts","duration":"05m 18sec","resourses":[],"preview":"/course/design-and-develop-a-killer-website-with-html5-and-css3/preview/lecture/the-3-ways-of-building-layouts","url":"/course/design-and-develop-a-killer-website-with-html5-and-css3/learn/lecture/the-3-ways-of-building-layouts","video":""},{"title":"Using Floats","duration":"17m 22sec","resourses":[],"preview":"/course/design-and-develop-a-killer-website-with-html5-and-css3/preview/lecture/using-floats","url":"/course/design-and-develop-a-killer-website-with-html5-and-css3/learn/lecture/using-floats","video":""},{"title":"Clearing Floats","duration":"07m 22sec","resourses":[],"preview":"/course/design-and-develop-a-killer-website-with-html5-and-css3/preview/lecture/clearing-floats","url":"/course/design-and-develop-a-killer-website-with-html5-and-css3/learn/lecture/clearing-floats","video":""},{"title":"Building a Simple Float Layout","duration":"08m 46sec","resourses":[],"preview":"/course/design-and-develop-a-killer-website-with-html5-and-css3/preview/lecture/building-a-simple-float-layout","url":"/course/design-and-develop-a-killer-website-with-html5-and-css3/learn/lecture/building-a-simple-float-layout","video":""},{"title":"box-sizing: border-box","duration":"11m 12sec","resourses":[],"preview":"/course/design-and-develop-a-killer-website-with-html5-and-css3/preview/lecture/box-sizing:-border-box","url":"/course/design-and-develop-a-killer-website-with-html5-and-css3/learn/lecture/box-sizing:-border-box","video":""},{"title":"CHALLENGE #1","duration":"20m 14sec","resourses":[],"preview":"/course/design-and-develop-a-killer-website-with-html5-and-css3/preview/lecture/challenge-1","url":"/course/design-and-develop-a-killer-website-with-html5-and-css3/learn/lecture/challenge-1","video":""},{"title":"Introduction to Flexbox","duration":"09m 43sec","resourses":[],"preview":"/course/design-and-develop-a-killer-website-with-html5-and-css3/preview/lecture/introduction-to-flexbox","url":"/course/design-and-develop-a-killer-website-with-html5-and-css3/learn/lecture/introduction-to-flexbox","video":""},{"title":"A Flexbox Overview","duration":"07m 35sec","resourses":[],"preview":"/course/design-and-develop-a-killer-website-with-html5-and-css3/preview/lecture/a-flexbox-overview","url":"/course/design-and-develop-a-killer-website-with-html5-and-css3/learn/lecture/a-flexbox-overview","video":""},{"title":"Spacing and Aligning Flex Items","duration":"10m 51sec","resourses":[],"preview":"/course/design-and-develop-a-killer-website-with-html5-and-css3/preview/lecture/spacing-and-aligning-flex-items","url":"/course/design-and-develop-a-killer-website-with-html5-and-css3/learn/lecture/spacing-and-aligning-flex-items","video":""},{"title":"The flex Property","duration":"11m 34sec","resourses":[],"preview":"/course/design-and-develop-a-killer-website-with-html5-and-css3/preview/lecture/the-flex-property","url":"/course/design-and-develop-a-killer-website-with-html5-and-css3/learn/lecture/the-flex-property","video":""},{"title":"Adding Flexbox to Our Project","duration":"19m 57sec","resourses":[],"preview":"/course/design-and-develop-a-killer-website-with-html5-and-css3/preview/lecture/adding-flexbox-to-our-project","url":"/course/design-and-develop-a-killer-website-with-html5-and-css3/learn/lecture/adding-flexbox-to-our-project","video":""},{"title":"Building a Simple Flexbox Layout","duration":"12m 15sec","resourses":[],"preview":"/course/design-and-develop-a-killer-website-with-html5-and-css3/preview/lecture/building-a-simple-flexbox-layout","url":"/course/design-and-develop-a-killer-website-with-html5-and-css3/learn/lecture/building-a-simple-flexbox-layout","video":""},{"title":"CHALLENGE #2","duration":"14m 13sec","resourses":[],"preview":"/course/design-and-develop-a-killer-website-with-html5-and-css3/preview/lecture/challenge-2","url":"/course/design-and-develop-a-killer-website-with-html5-and-css3/learn/lecture/challenge-2","video":""},{"title":"Introduction to CSS Grid","duration":"10m 57sec","resourses":[],"preview":"/course/design-and-develop-a-killer-website-with-html5-and-css3/preview/lecture/introduction-to-css-grid","url":"/course/design-and-develop-a-killer-website-with-html5-and-css3/learn/lecture/introduction-to-css-grid","video":""},{"title":"A CSS Grid Overview","duration":"09m 39sec","resourses":[],"preview":"/course/design-and-develop-a-killer-website-with-html5-and-css3/preview/lecture/a-css-grid-overview","url":"/course/design-and-develop-a-killer-website-with-html5-and-css3/learn/lecture/a-css-grid-overview","video":""},{"title":"Sizing Grid Columns and Rows","duration":"13m 54sec","resourses":[],"preview":"/course/design-and-develop-a-killer-website-with-html5-and-css3/preview/lecture/sizing-grid-columns-and-rows","url":"/course/design-and-develop-a-killer-website-with-html5-and-css3/learn/lecture/sizing-grid-columns-and-rows","video":""},{"title":"Placing and Spanning Grid Items","duration":"13m 00sec","resourses":[],"preview":"/course/design-and-develop-a-killer-website-with-html5-and-css3/preview/lecture/placing-and-spanning-grid-items","url":"/course/design-and-develop-a-killer-website-with-html5-and-css3/learn/lecture/placing-and-spanning-grid-items","video":""},{"title":"Aligning Grid Items and Tracks","duration":"13m 46sec","resourses":[],"preview":"/course/design-and-develop-a-killer-website-with-html5-and-css3/preview/lecture/aligning-grid-items-and-tracks","url":"/course/design-and-develop-a-killer-website-with-html5-and-css3/learn/lecture/aligning-grid-items-and-tracks","video":""},{"title":"Building a Simple CSS Grid Layout","duration":"15m 46sec","resourses":[],"preview":"/course/design-and-develop-a-killer-website-with-html5-and-css3/preview/lecture/building-a-simple-css-grid-layout","url":"/course/design-and-develop-a-killer-website-with-html5-and-css3/learn/lecture/building-a-simple-css-grid-layout","video":""},{"title":"CHALLENGE #3","duration":"07m 47sec","resourses":[],"preview":"/course/design-and-develop-a-killer-website-with-html5-and-css3/preview/lecture/challenge-3","url":"/course/design-and-develop-a-killer-website-with-html5-and-css3/learn/lecture/challenge-3","video":""}]},{"title":"Web Design Rules and Framework","total":20,"duration":"04h 52m","lessons":[{"title":"Section Intro","duration":"02m 18sec","resourses":[],"preview":"/course/design-and-develop-a-killer-website-with-html5-and-css3/preview/lecture/section-intro","url":"/course/design-and-develop-a-killer-website-with-html5-and-css3/learn/lecture/section-intro","video":""},{"title":"Project Overview","duration":"06m 13sec","resourses":[],"preview":"/course/design-and-develop-a-killer-website-with-html5-and-css3/preview/lecture/project-overview","url":"/course/design-and-develop-a-killer-website-with-html5-and-css3/learn/lecture/project-overview","video":""},{"title":"Overview of Web Design and Website Personalities","duration":"12m 36sec","resourses":[],"preview":"/course/design-and-develop-a-killer-website-with-html5-and-css3/preview/lecture/overview-of-web-design-and-website-personalities","url":"/course/design-and-develop-a-killer-website-with-html5-and-css3/learn/lecture/overview-of-web-design-and-website-personalities","video":""},{"title":"Web Design Rules #1: Typography","duration":"16m 17sec","resourses":[],"preview":"/course/design-and-develop-a-killer-website-with-html5-and-css3/preview/lecture/web-design-rules-1:-typography","url":"/course/design-and-develop-a-killer-website-with-html5-and-css3/learn/lecture/web-design-rules-1:-typography","video":""},{"title":"Implementing Typography","duration":"23m 23sec","resourses":[],"preview":"/course/design-and-develop-a-killer-website-with-html5-and-css3/preview/lecture/implementing-typography","url":"/course/design-and-develop-a-killer-website-with-html5-and-css3/learn/lecture/implementing-typography","video":""},{"title":"Web Design Rules #2: Colors","duration":"13m 40sec","resourses":[],"preview":"/course/design-and-develop-a-killer-website-with-html5-and-css3/preview/lecture/web-design-rules-2:-colors","url":"/course/design-and-develop-a-killer-website-with-html5-and-css3/learn/lecture/web-design-rules-2:-colors","video":""},{"title":"Implementing Colors","duration":"18m 12sec","resourses":[],"preview":"/course/design-and-develop-a-killer-website-with-html5-and-css3/preview/lecture/implementing-colors","url":"/course/design-and-develop-a-killer-website-with-html5-and-css3/learn/lecture/implementing-colors","video":""},{"title":"Web Design Rules #3: Images and Illustrations","duration":"14m 57sec","resourses":[],"preview":"/course/design-and-develop-a-killer-website-with-html5-and-css3/preview/lecture/web-design-rules-3:-images-and-illustrations","url":"/course/design-and-develop-a-killer-website-with-html5-and-css3/learn/lecture/web-design-rules-3:-images-and-illustrations","video":""},{"title":"Web Design Rules #4: Icons","duration":"12m 59sec","resourses":[],"preview":"/course/design-and-develop-a-killer-website-with-html5-and-css3/preview/lecture/web-design-rules-4:-icons","url":"/course/design-and-develop-a-killer-website-with-html5-and-css3/learn/lecture/web-design-rules-4:-icons","video":""},{"title":"Implementing Icons","duration":"21m 33sec","resourses":[],"preview":"/course/design-and-develop-a-killer-website-with-html5-and-css3/preview/lecture/implementing-icons","url":"/course/design-and-develop-a-killer-website-with-html5-and-css3/learn/lecture/implementing-icons","video":""},{"title":"Web Design Rules #5: Shadows","duration":"13m 04sec","resourses":[],"preview":"/course/design-and-develop-a-killer-website-with-html5-and-css3/preview/lecture/web-design-rules-5:-shadows","url":"/course/design-and-develop-a-killer-website-with-html5-and-css3/learn/lecture/web-design-rules-5:-shadows","video":""},{"title":"Implementing Shadows","duration":"12m 08sec","resourses":[],"preview":"/course/design-and-develop-a-killer-website-with-html5-and-css3/preview/lecture/implementing-shadows","url":"/course/design-and-develop-a-killer-website-with-html5-and-css3/learn/lecture/implementing-shadows","video":""},{"title":"Web Design Rules #6: Border-radius","duration":"04m 54sec","resourses":[],"preview":"/course/design-and-develop-a-killer-website-with-html5-and-css3/preview/lecture/web-design-rules-6:-border-radius","url":"/course/design-and-develop-a-killer-website-with-html5-and-css3/learn/lecture/web-design-rules-6:-border-radius","video":""},{"title":"Implementing Border-radius","duration":"06m 40sec","resourses":[],"preview":"/course/design-and-develop-a-killer-website-with-html5-and-css3/preview/lecture/implementing-border-radius","url":"/course/design-and-develop-a-killer-website-with-html5-and-css3/learn/lecture/implementing-border-radius","video":""},{"title":"Web Design Rules #7: Whitespace","duration":"13m 10sec","resourses":[],"preview":"/course/design-and-develop-a-killer-website-with-html5-and-css3/preview/lecture/web-design-rules-7:-whitespace","url":"/course/design-and-develop-a-killer-website-with-html5-and-css3/learn/lecture/web-design-rules-7:-whitespace","video":""},{"title":"Web Design Rules #8: Visual Hierarchy","duration":"22m 58sec","resourses":[],"preview":"/course/design-and-develop-a-killer-website-with-html5-and-css3/preview/lecture/web-design-rules-8:-visual-hierarchy","url":"/course/design-and-develop-a-killer-website-with-html5-and-css3/learn/lecture/web-design-rules-8:-visual-hierarchy","video":""},{"title":"Implementing Whitespace and Visual Hierarchy","duration":"15m 43sec","resourses":[],"preview":"/course/design-and-develop-a-killer-website-with-html5-and-css3/preview/lecture/implementing-whitespace-and-visual-hierarchy","url":"/course/design-and-develop-a-killer-website-with-html5-and-css3/learn/lecture/implementing-whitespace-and-visual-hierarchy","video":""},{"title":"Web Design Rules #9: User Experience (UX)","duration":"20m 37sec","resourses":[],"preview":"/course/design-and-develop-a-killer-website-with-html5-and-css3/preview/lecture/web-design-rules-9:-user-experience-(ux)","url":"/course/design-and-develop-a-killer-website-with-html5-and-css3/learn/lecture/web-design-rules-9:-user-experience-(ux)","video":""},{"title":"The Website-Personalities-Framework","duration":"30m 59sec","resourses":[],"preview":"/course/design-and-develop-a-killer-website-with-html5-and-css3/preview/lecture/the-website-personalities-framework","url":"/course/design-and-develop-a-killer-website-with-html5-and-css3/learn/lecture/the-website-personalities-framework","video":""},{"title":"The Missing Piece: Steal Like An Artist!","duration":"10m 26sec","resourses":[],"preview":"/course/design-and-develop-a-killer-website-with-html5-and-css3/preview/lecture/the-missing-piece:-steal-like-an-artist!","url":"/course/design-and-develop-a-killer-website-with-html5-and-css3/learn/lecture/the-missing-piece:-steal-like-an-artist!","video":""}]},{"title":"Components and Layout Patterns","total":14,"duration":"04h 28m","lessons":[{"title":"Section Intro","duration":"01m 00sec","resourses":[],"preview":"/course/design-and-develop-a-killer-website-with-html5-and-css3/preview/lecture/section-intro","url":"/course/design-and-develop-a-killer-website-with-html5-and-css3/learn/lecture/section-intro","video":""},{"title":"Web Design Rules #10 - Part 1: Elements and Components","duration":"27m 48sec","resourses":[],"preview":"/course/design-and-develop-a-killer-website-with-html5-and-css3/preview/lecture/web-design-rules-10-part-1:-elements-and-components","url":"/course/design-and-develop-a-killer-website-with-html5-and-css3/learn/lecture/web-design-rules-10-part-1:-elements-and-components","video":""},{"title":"Building an Accordion Component - Part 1","duration":"25m 30sec","resourses":[],"preview":"/course/design-and-develop-a-killer-website-with-html5-and-css3/preview/lecture/building-an-accordion-component-part-1","url":"/course/design-and-develop-a-killer-website-with-html5-and-css3/learn/lecture/building-an-accordion-component-part-1","video":""},{"title":"Building an Accordion Component - Part 2","duration":"19m 24sec","resourses":[],"preview":"/course/design-and-develop-a-killer-website-with-html5-and-css3/preview/lecture/building-an-accordion-component-part-2","url":"/course/design-and-develop-a-killer-website-with-html5-and-css3/learn/lecture/building-an-accordion-component-part-2","video":""},{"title":"Building a Carousel Component - Part 1","duration":"21m 25sec","resourses":[],"preview":"/course/design-and-develop-a-killer-website-with-html5-and-css3/preview/lecture/building-a-carousel-component-part-1","url":"/course/design-and-develop-a-killer-website-with-html5-and-css3/learn/lecture/building-a-carousel-component-part-1","video":""},{"title":"Building a Carousel Component - Part 2","duration":"29m 41sec","resourses":[],"preview":"/course/design-and-develop-a-killer-website-with-html5-and-css3/preview/lecture/building-a-carousel-component-part-2","url":"/course/design-and-develop-a-killer-website-with-html5-and-css3/learn/lecture/building-a-carousel-component-part-2","video":""},{"title":"Building a Table Component - Part 1","duration":"10m 04sec","resourses":[],"preview":"/course/design-and-develop-a-killer-website-with-html5-and-css3/preview/lecture/building-a-table-component-part-1","url":"/course/design-and-develop-a-killer-website-with-html5-and-css3/learn/lecture/building-a-table-component-part-1","video":""},{"title":"Building a Table Component - Part 2","duration":"13m 16sec","resourses":[],"preview":"/course/design-and-develop-a-killer-website-with-html5-and-css3/preview/lecture/building-a-table-component-part-2","url":"/course/design-and-develop-a-killer-website-with-html5-and-css3/learn/lecture/building-a-table-component-part-2","video":""},{"title":"CHALLENGE #1: Building a Pagination Component","duration":"24m 19sec","resourses":[],"preview":"/course/design-and-develop-a-killer-website-with-html5-and-css3/preview/lecture/challenge-1:-building-a-pagination-component","url":"/course/design-and-develop-a-killer-website-with-html5-and-css3/learn/lecture/challenge-1:-building-a-pagination-component","video":""},{"title":"Web Design Rules #10 - Part 2: Layout Patterns","duration":"21m 52sec","resourses":[],"preview":"/course/design-and-develop-a-killer-website-with-html5-and-css3/preview/lecture/web-design-rules-10-part-2:-layout-patterns","url":"/course/design-and-develop-a-killer-website-with-html5-and-css3/learn/lecture/web-design-rules-10-part-2:-layout-patterns","video":""},{"title":"Building a Hero Section - Part 1","duration":"22m 11sec","resourses":[],"preview":"/course/design-and-develop-a-killer-website-with-html5-and-css3/preview/lecture/building-a-hero-section-part-1","url":"/course/design-and-develop-a-killer-website-with-html5-and-css3/learn/lecture/building-a-hero-section-part-1","video":""},{"title":"Building a Hero Section - Part 2","duration":"21m 21sec","resourses":[],"preview":"/course/design-and-develop-a-killer-website-with-html5-and-css3/preview/lecture/building-a-hero-section-part-2","url":"/course/design-and-develop-a-killer-website-with-html5-and-css3/learn/lecture/building-a-hero-section-part-2","video":""},{"title":"Building a Web Application Layout - Part 1","duration":"15m 12sec","resourses":[],"preview":"/course/design-and-develop-a-killer-website-with-html5-and-css3/preview/lecture/building-a-web-application-layout-part-1","url":"/course/design-and-develop-a-killer-website-with-html5-and-css3/learn/lecture/building-a-web-application-layout-part-1","video":""},{"title":"Building a Web Application Layout - Part 2","duration":"15m 56sec","resourses":[],"preview":"/course/design-and-develop-a-killer-website-with-html5-and-css3/preview/lecture/building-a-web-application-layout-part-2","url":"/course/design-and-develop-a-killer-website-with-html5-and-css3/learn/lecture/building-a-web-application-layout-part-2","video":""}]},{"title":"Omnifood Project – Setup and Desktop Version","total":29,"duration":"10h 16m","lessons":[{"title":"Section Intro","duration":"01m 02sec","resourses":[],"preview":"/course/design-and-develop-a-killer-website-with-html5-and-css3/preview/lecture/section-intro","url":"/course/design-and-develop-a-killer-website-with-html5-and-css3/learn/lecture/section-intro","video":""},{"title":"The 7 Steps to a Great Website","duration":"20m 29sec","resourses":[],"preview":"/course/design-and-develop-a-killer-website-with-html5-and-css3/preview/lecture/the-7-steps-to-a-great-website","url":"/course/design-and-develop-a-killer-website-with-html5-and-css3/learn/lecture/the-7-steps-to-a-great-website","video":""},{"title":"Defining and Planning the Project (Steps 1 and 2)","duration":"24m 36sec","resourses":[],"preview":"/course/design-and-develop-a-killer-website-with-html5-and-css3/preview/lecture/defining-and-planning-the-project-(steps-1-and-2)","url":"/course/design-and-develop-a-killer-website-with-html5-and-css3/learn/lecture/defining-and-planning-the-project-(steps-1-and-2)","video":""},{"title":"Sketching Initial Layout Ideas (Step 3)","duration":"07m 36sec","resourses":[],"preview":"/course/design-and-develop-a-killer-website-with-html5-and-css3/preview/lecture/sketching-initial-layout-ideas-(step-3)","url":"/course/design-and-develop-a-killer-website-with-html5-and-css3/learn/lecture/sketching-initial-layout-ideas-(step-3)","video":""},{"title":"First Design and Development Steps (Step 4)","duration":"15m 21sec","resourses":[],"preview":"/course/design-and-develop-a-killer-website-with-html5-and-css3/preview/lecture/first-design-and-development-steps-(step-4)","url":"/course/design-and-develop-a-killer-website-with-html5-and-css3/learn/lecture/first-design-and-development-steps-(step-4)","video":""},{"title":"Responsive Design Principles","duration":"08m 37sec","resourses":[],"preview":"/course/design-and-develop-a-killer-website-with-html5-and-css3/preview/lecture/responsive-design-principles","url":"/course/design-and-develop-a-killer-website-with-html5-and-css3/learn/lecture/responsive-design-principles","video":""},{"title":"How rem and max-width Work","duration":"16m 06sec","resourses":[],"preview":"/course/design-and-develop-a-killer-website-with-html5-and-css3/preview/lecture/how-rem-and-max-width-work","url":"/course/design-and-develop-a-killer-website-with-html5-and-css3/learn/lecture/how-rem-and-max-width-work","video":""},{"title":"Building the Hero - Part 1","duration":"16m 12sec","resourses":[],"preview":"/course/design-and-develop-a-killer-website-with-html5-and-css3/preview/lecture/building-the-hero-part-1","url":"/course/design-and-develop-a-killer-website-with-html5-and-css3/learn/lecture/building-the-hero-part-1","video":""},{"title":"Building the Hero - Part 2","duration":"29m 26sec","resourses":[],"preview":"/course/design-and-develop-a-killer-website-with-html5-and-css3/preview/lecture/building-the-hero-part-2","url":"/course/design-and-develop-a-killer-website-with-html5-and-css3/learn/lecture/building-the-hero-part-2","video":""},{"title":"Building the Hero - Part 3","duration":"23m 57sec","resourses":[],"preview":"/course/design-and-develop-a-killer-website-with-html5-and-css3/preview/lecture/building-the-hero-part-3","url":"/course/design-and-develop-a-killer-website-with-html5-and-css3/learn/lecture/building-the-hero-part-3","video":""},{"title":"Building the Header","duration":"15m 15sec","resourses":[],"preview":"/course/design-and-develop-a-killer-website-with-html5-and-css3/preview/lecture/building-the-header","url":"/course/design-and-develop-a-killer-website-with-html5-and-css3/learn/lecture/building-the-header","video":""},{"title":"Building the Navigation","duration":"15m 55sec","resourses":[],"preview":"/course/design-and-develop-a-killer-website-with-html5-and-css3/preview/lecture/building-the-navigation","url":"/course/design-and-develop-a-killer-website-with-html5-and-css3/learn/lecture/building-the-navigation","video":""},{"title":"Setting Up a Reusable Grid","duration":"21m 23sec","resourses":[],"preview":"/course/design-and-develop-a-killer-website-with-html5-and-css3/preview/lecture/setting-up-a-reusable-grid","url":"/course/design-and-develop-a-killer-website-with-html5-and-css3/learn/lecture/setting-up-a-reusable-grid","video":""},{"title":"Building the How-It-Works Section - Part 1","duration":"29m 16sec","resourses":[],"preview":"/course/design-and-develop-a-killer-website-with-html5-and-css3/preview/lecture/building-the-how-it-works-section-part-1","url":"/course/design-and-develop-a-killer-website-with-html5-and-css3/learn/lecture/building-the-how-it-works-section-part-1","video":""},{"title":"Building the How-It-Works Section - Part 2","duration":"35m 12sec","resourses":[],"preview":"/course/design-and-develop-a-killer-website-with-html5-and-css3/preview/lecture/building-the-how-it-works-section-part-2","url":"/course/design-and-develop-a-killer-website-with-html5-and-css3/learn/lecture/building-the-how-it-works-section-part-2","video":""},{"title":"Building the Featured-In Section","duration":"19m 45sec","resourses":[],"preview":"/course/design-and-develop-a-killer-website-with-html5-and-css3/preview/lecture/building-the-featured-in-section","url":"/course/design-and-develop-a-killer-website-with-html5-and-css3/learn/lecture/building-the-featured-in-section","video":""},{"title":"Building the Meals Section - Part 1","duration":"26m 35sec","resourses":[],"preview":"/course/design-and-develop-a-killer-website-with-html5-and-css3/preview/lecture/building-the-meals-section-part-1","url":"/course/design-and-develop-a-killer-website-with-html5-and-css3/learn/lecture/building-the-meals-section-part-1","video":""},{"title":"Building the Meals Section - Part 2","duration":"21m 01sec","resourses":[],"preview":"/course/design-and-develop-a-killer-website-with-html5-and-css3/preview/lecture/building-the-meals-section-part-2","url":"/course/design-and-develop-a-killer-website-with-html5-and-css3/learn/lecture/building-the-meals-section-part-2","video":""},{"title":"Building the Meals Section - Part 3","duration":"29m 42sec","resourses":[],"preview":"/course/design-and-develop-a-killer-website-with-html5-and-css3/preview/lecture/building-the-meals-section-part-3","url":"/course/design-and-develop-a-killer-website-with-html5-and-css3/learn/lecture/building-the-meals-section-part-3","video":""},{"title":"Building the Testimonials Section - Part 1","duration":"18m 14sec","resourses":[],"preview":"/course/design-and-develop-a-killer-website-with-html5-and-css3/preview/lecture/building-the-testimonials-section-part-1","url":"/course/design-and-develop-a-killer-website-with-html5-and-css3/learn/lecture/building-the-testimonials-section-part-1","video":""},{"title":"Building the Testimonials Section - Part 2","duration":"24m 38sec","resourses":[],"preview":"/course/design-and-develop-a-killer-website-with-html5-and-css3/preview/lecture/building-the-testimonials-section-part-2","url":"/course/design-and-develop-a-killer-website-with-html5-and-css3/learn/lecture/building-the-testimonials-section-part-2","video":""},{"title":"Building the Pricing Section - Part 1","duration":"24m 00sec","resourses":[],"preview":"/course/design-and-develop-a-killer-website-with-html5-and-css3/preview/lecture/building-the-pricing-section-part-1","url":"/course/design-and-develop-a-killer-website-with-html5-and-css3/learn/lecture/building-the-pricing-section-part-1","video":""},{"title":"Building the Pricing Section - Part 2","duration":"25m 57sec","resourses":[],"preview":"/course/design-and-develop-a-killer-website-with-html5-and-css3/preview/lecture/building-the-pricing-section-part-2","url":"/course/design-and-develop-a-killer-website-with-html5-and-css3/learn/lecture/building-the-pricing-section-part-2","video":""},{"title":"Building the Features Part","duration":"19m 06sec","resourses":[],"preview":"/course/design-and-develop-a-killer-website-with-html5-and-css3/preview/lecture/building-the-features-part","url":"/course/design-and-develop-a-killer-website-with-html5-and-css3/learn/lecture/building-the-features-part","video":""},{"title":"Building the Call-To-Action Section - Part 1","duration":"26m 12sec","resourses":[],"preview":"/course/design-and-develop-a-killer-website-with-html5-and-css3/preview/lecture/building-the-call-to-action-section-part-1","url":"/course/design-and-develop-a-killer-website-with-html5-and-css3/learn/lecture/building-the-call-to-action-section-part-1","video":""},{"title":"Building the Call-To-Action Section - Part 2","duration":"24m 45sec","resourses":[],"preview":"/course/design-and-develop-a-killer-website-with-html5-and-css3/preview/lecture/building-the-call-to-action-section-part-2","url":"/course/design-and-develop-a-killer-website-with-html5-and-css3/learn/lecture/building-the-call-to-action-section-part-2","video":""},{"title":"Building the Call-To-Action Section - Part 3","duration":"29m 09sec","resourses":[],"preview":"/course/design-and-develop-a-killer-website-with-html5-and-css3/preview/lecture/building-the-call-to-action-section-part-3","url":"/course/design-and-develop-a-killer-website-with-html5-and-css3/learn/lecture/building-the-call-to-action-section-part-3","video":""},{"title":"Building the Footer - Part 1","duration":"19m 15sec","resourses":[],"preview":"/course/design-and-develop-a-killer-website-with-html5-and-css3/preview/lecture/building-the-footer-part-1","url":"/course/design-and-develop-a-killer-website-with-html5-and-css3/learn/lecture/building-the-footer-part-1","video":""},{"title":"Building the Footer - Part 2","duration":"27m 58sec","resourses":[],"preview":"/course/design-and-develop-a-killer-website-with-html5-and-css3/preview/lecture/building-the-footer-part-2","url":"/course/design-and-develop-a-killer-website-with-html5-and-css3/learn/lecture/building-the-footer-part-2","video":""}]},{"title":"Omnifood Project – Responsive Web Design","total":9,"duration":"02h 43m","lessons":[{"title":"Section Intro","duration":"47sec","resourses":[],"preview":"/course/design-and-develop-a-killer-website-with-html5-and-css3/preview/lecture/section-intro","url":"/course/design-and-develop-a-killer-website-with-html5-and-css3/learn/lecture/section-intro","video":""},{"title":"How Media Queries Work","duration":"14m 23sec","resourses":[],"preview":"/course/design-and-develop-a-killer-website-with-html5-and-css3/preview/lecture/how-media-queries-work","url":"/course/design-and-develop-a-killer-website-with-html5-and-css3/learn/lecture/how-media-queries-work","video":""},{"title":"How to Select Breakpoints","duration":"04m 47sec","resourses":[],"preview":"/course/design-and-develop-a-killer-website-with-html5-and-css3/preview/lecture/how-to-select-breakpoints","url":"/course/design-and-develop-a-killer-website-with-html5-and-css3/learn/lecture/how-to-select-breakpoints","video":""},{"title":"Responding to Small Laptops","duration":"15m 33sec","resourses":[],"preview":"/course/design-and-develop-a-killer-website-with-html5-and-css3/preview/lecture/responding-to-small-laptops","url":"/course/design-and-develop-a-killer-website-with-html5-and-css3/learn/lecture/responding-to-small-laptops","video":""},{"title":"Responding to Landscape Tablets","duration":"19m 24sec","resourses":[],"preview":"/course/design-and-develop-a-killer-website-with-html5-and-css3/preview/lecture/responding-to-landscape-tablets","url":"/course/design-and-develop-a-killer-website-with-html5-and-css3/learn/lecture/responding-to-landscape-tablets","video":""},{"title":"Responding to Tablets","duration":"25m 24sec","resourses":[],"preview":"/course/design-and-develop-a-killer-website-with-html5-and-css3/preview/lecture/responding-to-tablets","url":"/course/design-and-develop-a-killer-website-with-html5-and-css3/learn/lecture/responding-to-tablets","video":""},{"title":"Building the Mobile Navigation","duration":"37m 58sec","resourses":[],"preview":"/course/design-and-develop-a-killer-website-with-html5-and-css3/preview/lecture/building-the-mobile-navigation","url":"/course/design-and-develop-a-killer-website-with-html5-and-css3/learn/lecture/building-the-mobile-navigation","video":""},{"title":"Responding to Smaller Tablets","duration":"18m 56sec","resourses":[],"preview":"/course/design-and-develop-a-killer-website-with-html5-and-css3/preview/lecture/responding-to-smaller-tablets","url":"/course/design-and-develop-a-killer-website-with-html5-and-css3/learn/lecture/responding-to-smaller-tablets","video":""},{"title":"Responding to Phones","duration":"26m 42sec","resourses":[],"preview":"/course/design-and-develop-a-killer-website-with-html5-and-css3/preview/lecture/responding-to-phones","url":"/course/design-and-develop-a-killer-website-with-html5-and-css3/learn/lecture/responding-to-phones","video":""}]},{"title":"Omnifood Project – Effects, Optimizations and Deployment","total":11,"duration":"02h 40m","lessons":[{"title":"Section Intro","duration":"50sec","resourses":[],"preview":"/course/design-and-develop-a-killer-website-with-html5-and-css3/preview/lecture/section-intro","url":"/course/design-and-develop-a-killer-website-with-html5-and-css3/learn/lecture/section-intro","video":""},{"title":"A Short Introduction to JavaScript","duration":"18m 48sec","resourses":[],"preview":"/course/design-and-develop-a-killer-website-with-html5-and-css3/preview/lecture/a-short-introduction-to-javascript","url":"/course/design-and-develop-a-killer-website-with-html5-and-css3/learn/lecture/a-short-introduction-to-javascript","video":""},{"title":"Making the Mobile Navigation Work","duration":"08m 32sec","resourses":[],"preview":"/course/design-and-develop-a-killer-website-with-html5-and-css3/preview/lecture/making-the-mobile-navigation-work","url":"/course/design-and-develop-a-killer-website-with-html5-and-css3/learn/lecture/making-the-mobile-navigation-work","video":""},{"title":"Implementing Smooth Scrolling","duration":"29m 24sec","resourses":[],"preview":"/course/design-and-develop-a-killer-website-with-html5-and-css3/preview/lecture/implementing-smooth-scrolling","url":"/course/design-and-develop-a-killer-website-with-html5-and-css3/learn/lecture/implementing-smooth-scrolling","video":""},{"title":"Implementing a Sticky Navigation Bar","duration":"28m 02sec","resourses":[],"preview":"/course/design-and-develop-a-killer-website-with-html5-and-css3/preview/lecture/implementing-a-sticky-navigation-bar","url":"/course/design-and-develop-a-killer-website-with-html5-and-css3/learn/lecture/implementing-a-sticky-navigation-bar","video":""},{"title":"Browser Support and Fixing Flexbox Gap in Safari","duration":"19m 06sec","resourses":[],"preview":"/course/design-and-develop-a-killer-website-with-html5-and-css3/preview/lecture/browser-support-and-fixing-flexbox-gap-in-safari","url":"/course/design-and-develop-a-killer-website-with-html5-and-css3/learn/lecture/browser-support-and-fixing-flexbox-gap-in-safari","video":""},{"title":"Testing Performance With Lighthouse","duration":"08m 45sec","resourses":[],"preview":"/course/design-and-develop-a-killer-website-with-html5-and-css3/preview/lecture/testing-performance-with-lighthouse","url":"/course/design-and-develop-a-killer-website-with-html5-and-css3/learn/lecture/testing-performance-with-lighthouse","video":""},{"title":"Adding Favicon and Meta Description","duration":"12m 24sec","resourses":[],"preview":"/course/design-and-develop-a-killer-website-with-html5-and-css3/preview/lecture/adding-favicon-and-meta-description","url":"/course/design-and-develop-a-killer-website-with-html5-and-css3/learn/lecture/adding-favicon-and-meta-description","video":""},{"title":"Image Optimizations","duration":"18m 26sec","resourses":[],"preview":"/course/design-and-develop-a-killer-website-with-html5-and-css3/preview/lecture/image-optimizations","url":"/course/design-and-develop-a-killer-website-with-html5-and-css3/learn/lecture/image-optimizations","video":""},{"title":"Deployment to Netlify","duration":"08m 20sec","resourses":[],"preview":"/course/design-and-develop-a-killer-website-with-html5-and-css3/preview/lecture/deployment-to-netlify","url":"/course/design-and-develop-a-killer-website-with-html5-and-css3/learn/lecture/deployment-to-netlify","video":""},{"title":"Making the Form Work With Netlify Forms","duration":"07m 49sec","resourses":[],"preview":"/course/design-and-develop-a-killer-website-with-html5-and-css3/preview/lecture/making-the-form-work-with-netlify-forms","url":"/course/design-and-develop-a-killer-website-with-html5-and-css3/learn/lecture/making-the-form-work-with-netlify-forms","video":""}]},{"title":"The End!","total":2,"duration":"05m 33sec","lessons":[{"title":"Where to Go from Here","duration":"04m 32sec","resourses":[],"preview":"/course/design-and-develop-a-killer-website-with-html5-and-css3/preview/lecture/where-to-go-from-here","url":"/course/design-and-develop-a-killer-website-with-html5-and-css3/learn/lecture/where-to-go-from-here","video":""},{"title":"My Other Courses + Updates","duration":"01m 01sec","resourses":[],"preview":"/course/design-and-develop-a-killer-website-with-html5-and-css3/preview/lecture/my-other-courses-+-updates","url":"/course/design-and-develop-a-killer-website-with-html5-and-css3/learn/lecture/my-other-courses-+-updates","video":""}]},{"title":"[LEGACY] Old Course Version 1","total":1,"duration":"40sec","lessons":[{"title":"Download the Old Course Version","duration":"40sec","resourses":[],"preview":"/course/design-and-develop-a-killer-website-with-html5-and-css3/preview/lecture/download-the-old-course-version","url":"/course/design-and-develop-a-killer-website-with-html5-and-css3/learn/lecture/download-the-old-course-version","video":""}]}]}