{"duration":"01h 16m duration","total":20,"sections":[{"title":"Getting started","total":4,"duration":"04m 05sec","lessons":[{"title":"Welcome","duration":"56sec","resourses":[],"preview":"/course/end-to-end-data-science-and-machine-previewing-project/preview/lecture/welcome","url":"/course/end-to-end-data-science-and-machine-learning-project/learn/lecture/welcome","video":""},{"title":"Dataset information","duration":"01m 14sec","resourses":[],"preview":"/course/end-to-end-data-science-and-machine-previewing-project/preview/lecture/dataset-information","url":"/course/end-to-end-data-science-and-machine-learning-project/learn/lecture/dataset-information","video":""},{"title":"Dataset features","duration":"01m 49sec","resourses":[],"preview":"/course/end-to-end-data-science-and-machine-previewing-project/preview/lecture/dataset-features","url":"/course/end-to-end-data-science-and-machine-learning-project/learn/lecture/dataset-features","video":""},{"title":"Dataset download","duration":"05sec","resourses":[],"preview":"/course/end-to-end-data-science-and-machine-previewing-project/preview/lecture/dataset-download","url":"/course/end-to-end-data-science-and-machine-learning-project/learn/lecture/dataset-download","video":""}]},{"title":"Data cleaning & Exploratory data analysis","total":2,"duration":"33m 28sec","lessons":[{"title":"Data Cleaning","duration":"12m 09sec","resourses":[],"preview":"/course/end-to-end-data-science-and-machine-previewing-project/preview/lecture/data-cleaning","url":"/course/end-to-end-data-science-and-machine-learning-project/learn/lecture/data-cleaning","video":""},{"title":"Data cleaning quiz","duration":"undefinedsec","resourses":[],"preview":"/course/end-to-end-data-science-and-machine-previewing-project/preview/quiz/data-cleaning-quiz","url":"/course/end-to-end-data-science-and-machine-learning-project/learn/quiz/data-cleaning-quiz","video":""},{"title":"Data cleaning quiz","duration":"undefinedsec","resourses":[],"preview":"/course/end-to-end-data-science-and-machine-previewing-project/preview/quiz/data-cleaning-quiz","url":"/course/end-to-end-data-science-and-machine-learning-project/learn/quiz/data-cleaning-quiz","video":""},{"title":"Exploratory data analysis","duration":"21m 19sec","resourses":[],"preview":"/course/end-to-end-data-science-and-machine-previewing-project/preview/lecture/exploratory-data-analysis","url":"/course/end-to-end-data-science-and-machine-learning-project/learn/lecture/exploratory-data-analysis","video":""}]},{"title":"Modeling","total":14,"duration":"38m 40sec","lessons":[{"title":"Outliers and IQR","duration":"53sec","resourses":[],"preview":"/course/end-to-end-data-science-and-machine-previewing-project/preview/lecture/outliers-and-iqr","url":"/course/end-to-end-data-science-and-machine-learning-project/learn/lecture/outliers-and-iqr","video":""},{"title":"Dealing with outliers","duration":"05m 19sec","resourses":[],"preview":"/course/end-to-end-data-science-and-machine-previewing-project/preview/lecture/dealing-with-outliers","url":"/course/end-to-end-data-science-and-machine-learning-project/learn/lecture/dealing-with-outliers","video":""},{"title":"Theory behind the models","duration":"04m 34sec","resourses":[],"preview":"/course/end-to-end-data-science-and-machine-previewing-project/preview/lecture/theory-behind-the-models","url":"/course/end-to-end-data-science-and-machine-learning-project/learn/lecture/theory-behind-the-models","video":""},{"title":"Logistic Regression - Theory","duration":"27sec","resourses":[],"preview":"/course/end-to-end-data-science-and-machine-previewing-project/preview/lecture/logistic-regression-theory","url":"/course/end-to-end-data-science-and-machine-learning-project/learn/lecture/logistic-regression-theory","video":""},{"title":"Logistic Regression","duration":"10m 17sec","resourses":[],"preview":"/course/end-to-end-data-science-and-machine-previewing-project/preview/lecture/logistic-regression","url":"/course/end-to-end-data-science-and-machine-learning-project/learn/lecture/logistic-regression","video":""},{"title":"Cross validation","duration":"55sec","resourses":[],"preview":"/course/end-to-end-data-science-and-machine-previewing-project/preview/lecture/cross-validation","url":"/course/end-to-end-data-science-and-machine-learning-project/learn/lecture/cross-validation","video":""},{"title":"K-Nearest Neighbors - Theory","duration":"48sec","resourses":[],"preview":"/course/end-to-end-data-science-and-machine-previewing-project/preview/lecture/k-nearest-neighbors-theory","url":"/course/end-to-end-data-science-and-machine-learning-project/learn/lecture/k-nearest-neighbors-theory","video":""},{"title":"Decision Tree - Theory","duration":"54sec","resourses":[],"preview":"/course/end-to-end-data-science-and-machine-previewing-project/preview/lecture/decision-tree-theory","url":"/course/end-to-end-data-science-and-machine-learning-project/learn/lecture/decision-tree-theory","video":""},{"title":"Training other models","duration":"07m 35sec","resourses":[],"preview":"/course/end-to-end-data-science-and-machine-previewing-project/preview/lecture/training-other-models","url":"/course/end-to-end-data-science-and-machine-learning-project/learn/lecture/training-other-models","video":""},{"title":"Random Forest - Theory","duration":"23sec","resourses":[],"preview":"/course/end-to-end-data-science-and-machine-previewing-project/preview/lecture/random-forest-theory","url":"/course/end-to-end-data-science-and-machine-learning-project/learn/lecture/random-forest-theory","video":""},{"title":"Random Forest","duration":"05m 39sec","resourses":[],"preview":"/course/end-to-end-data-science-and-machine-previewing-project/preview/lecture/random-forest","url":"/course/end-to-end-data-science-and-machine-learning-project/learn/lecture/random-forest","video":""},{"title":"Grid Search","duration":"22sec","resourses":[],"preview":"/course/end-to-end-data-science-and-machine-previewing-project/preview/lecture/grid-search","url":"/course/end-to-end-data-science-and-machine-learning-project/learn/lecture/grid-search","video":""},{"title":"Result - How to create the barplot","duration":"28sec","resourses":[],"preview":"/course/end-to-end-data-science-and-machine-previewing-project/preview/lecture/result-how-to-create-the-barplot","url":"/course/end-to-end-data-science-and-machine-learning-project/learn/lecture/result-how-to-create-the-barplot","video":""},{"title":"Final notebook","duration":"03sec","resourses":[],"preview":"/course/end-to-end-data-science-and-machine-previewing-project/preview/lecture/final-notebook","url":"/course/end-to-end-data-science-and-machine-learning-project/learn/lecture/final-notebook","video":""}]}]}