{"duration":"01h 20m duration","total":12,"sections":[{"title":"Introduction","total":1,"duration":"02m 26sec","lessons":[{"title":"Introduction To This Course","duration":"02m 26sec","resourses":[],"preview":"/course/preview-javascript-by-creating-a-simple-number-game/preview/lecture/introduction-to-this-course","url":"/course/learn-javascript-by-creating-a-simple-number-game/learn/lecture/introduction-to-this-course","video":""}]},{"title":"JavaScript Essentials","total":2,"duration":"17m 19sec","lessons":[{"title":"How To Access HTML Elements In JavaScript","duration":"08m 58sec","resourses":[],"preview":"/course/preview-javascript-by-creating-a-simple-number-game/preview/lecture/how-to-access-html-elements-in-javascript","url":"/course/learn-javascript-by-creating-a-simple-number-game/learn/lecture/how-to-access-html-elements-in-javascript","video":""},{"title":"How To Manipulate HTML Elements In JavaScript","duration":"08m 21sec","resourses":[],"preview":"/course/preview-javascript-by-creating-a-simple-number-game/preview/lecture/how-to-manipulate-html-elements-in-javascript","url":"/course/learn-javascript-by-creating-a-simple-number-game/learn/lecture/how-to-manipulate-html-elements-in-javascript","video":""}]},{"title":"Coding The Game","total":8,"duration":"01h 00m","lessons":[{"title":"Setting Up The Project","duration":"05m 00sec","resourses":[],"preview":"/course/preview-javascript-by-creating-a-simple-number-game/preview/lecture/setting-up-the-project","url":"/course/learn-javascript-by-creating-a-simple-number-game/learn/lecture/setting-up-the-project","video":""},{"title":"How To Choose The Right Colors?","duration":"04m 42sec","resourses":[],"preview":"/course/preview-javascript-by-creating-a-simple-number-game/preview/lecture/how-to-choose-the-right-colors","url":"/course/learn-javascript-by-creating-a-simple-number-game/learn/lecture/how-to-choose-the-right-colors","video":""},{"title":"Writing The HTML","duration":"05m 57sec","resourses":[],"preview":"/course/preview-javascript-by-creating-a-simple-number-game/preview/lecture/writing-the-html","url":"/course/learn-javascript-by-creating-a-simple-number-game/learn/lecture/writing-the-html","video":""},{"title":"Styling The Game Screen","duration":"08m 09sec","resourses":[],"preview":"/course/preview-javascript-by-creating-a-simple-number-game/preview/lecture/styling-the-game-screen","url":"/course/learn-javascript-by-creating-a-simple-number-game/learn/lecture/styling-the-game-screen","video":""},{"title":"Styling The Start And End Screens","duration":"05m 55sec","resourses":[],"preview":"/course/preview-javascript-by-creating-a-simple-number-game/preview/lecture/styling-the-start-and-end-screens","url":"/course/learn-javascript-by-creating-a-simple-number-game/learn/lecture/styling-the-start-and-end-screens","video":""},{"title":"Writing The Logic For Starting The Game","duration":"09m 34sec","resourses":[],"preview":"/course/preview-javascript-by-creating-a-simple-number-game/preview/lecture/writing-the-logic-for-starting-the-game","url":"/course/learn-javascript-by-creating-a-simple-number-game/learn/lecture/writing-the-logic-for-starting-the-game","video":""},{"title":"Checking The User Input","duration":"10m 02sec","resourses":[],"preview":"/course/preview-javascript-by-creating-a-simple-number-game/preview/lecture/checking-the-user-input","url":"/course/learn-javascript-by-creating-a-simple-number-game/learn/lecture/checking-the-user-input","video":""},{"title":"Writing The Logic For The End Game Screen","duration":"10m 59sec","resourses":[],"preview":"/course/preview-javascript-by-creating-a-simple-number-game/preview/lecture/writing-the-logic-for-the-end-game-screen","url":"/course/learn-javascript-by-creating-a-simple-number-game/learn/lecture/writing-the-logic-for-the-end-game-screen","video":""}]},{"title":"Conclusion","total":1,"duration":"40sec","lessons":[{"title":"What Next?","duration":"40sec","resourses":[],"preview":"/course/preview-javascript-by-creating-a-simple-number-game/preview/lecture/what-next","url":"/course/learn-javascript-by-creating-a-simple-number-game/learn/lecture/what-next","video":""}]}]}