{"duration":"09h 58m duration","total":45,"sections":[{"title":"Introduction","total":1,"duration":"13m 19sec","lessons":[{"title":"What we are developing ?","duration":"13m 19sec","resourses":[],"preview":"/course/mern-stack-real-time-chat-app-react-node-socket-io/preview/lecture/what-we-are-developing","url":"/course/mern-stack-real-time-chat-app-react-node-socket-io/learn/lecture/what-we-are-developing","video":""}]},{"title":"Front End Setup","total":3,"duration":"18m 45sec","lessons":[{"title":"React App Setup / Github Link","duration":"04m 21sec","resourses":[],"preview":"/course/mern-stack-real-time-chat-app-react-node-socket-io/preview/lecture/react-app-setup-github-link","url":"/course/mern-stack-real-time-chat-app-react-node-socket-io/learn/lecture/react-app-setup-github-link","video":""},{"title":"Tailwind CSS Setup","duration":"08m 24sec","resourses":[],"preview":"/course/mern-stack-real-time-chat-app-react-node-socket-io/preview/lecture/tailwind-css-setup","url":"/course/mern-stack-real-time-chat-app-react-node-socket-io/learn/lecture/tailwind-css-setup","video":""},{"title":"Folder Structure","duration":"06m 00sec","resourses":[],"preview":"/course/mern-stack-real-time-chat-app-react-node-socket-io/preview/lecture/folder-structure","url":"/course/mern-stack-real-time-chat-app-react-node-socket-io/learn/lecture/folder-structure","video":""}]},{"title":"Register and Login UI","total":2,"duration":"21m 16sec","lessons":[{"title":"Registration Screen","duration":"13m 29sec","resourses":[],"preview":"/course/mern-stack-real-time-chat-app-react-node-socket-io/preview/lecture/registration-screen","url":"/course/mern-stack-real-time-chat-app-react-node-socket-io/learn/lecture/registration-screen","video":""},{"title":"Login Screen","duration":"07m 47sec","resourses":[],"preview":"/course/mern-stack-real-time-chat-app-react-node-socket-io/preview/lecture/login-screen","url":"/course/mern-stack-real-time-chat-app-react-node-socket-io/learn/lecture/login-screen","video":""}]},{"title":"Backend Setup","total":2,"duration":"12m 11sec","lessons":[{"title":"Node JS Setup","duration":"03m 49sec","resourses":[],"preview":"/course/mern-stack-real-time-chat-app-react-node-socket-io/preview/lecture/node-js-setup","url":"/course/mern-stack-real-time-chat-app-react-node-socket-io/learn/lecture/node-js-setup","video":""},{"title":"Node Mongo Connection","duration":"08m 22sec","resourses":[],"preview":"/course/mern-stack-real-time-chat-app-react-node-socket-io/preview/lecture/node-mongo-connection","url":"/course/mern-stack-real-time-chat-app-react-node-socket-io/learn/lecture/node-mongo-connection","video":""}]},{"title":"Register and Login Backend","total":2,"duration":"28m 30sec","lessons":[{"title":"User Model and API's","duration":"13m 21sec","resourses":[],"preview":"/course/mern-stack-real-time-chat-app-react-node-socket-io/preview/lecture/user-model-and-api's","url":"/course/mern-stack-real-time-chat-app-react-node-socket-io/learn/lecture/user-model-and-api's","video":""},{"title":"Login , Register API's integration","duration":"15m 09sec","resourses":[],"preview":"/course/mern-stack-real-time-chat-app-react-node-socket-io/preview/lecture/login-register-api's-integration","url":"/course/mern-stack-real-time-chat-app-react-node-socket-io/learn/lecture/login-register-api's-integration","video":""}]},{"title":"Authorization","total":2,"duration":"21m 34sec","lessons":[{"title":"Authorization Part - 1","duration":"07m 33sec","resourses":[],"preview":"/course/mern-stack-real-time-chat-app-react-node-socket-io/preview/lecture/authorization-part-1","url":"/course/mern-stack-real-time-chat-app-react-node-socket-io/learn/lecture/authorization-part-1","video":""},{"title":"Authorization Part - 2","duration":"14m 01sec","resourses":[],"preview":"/course/mern-stack-real-time-chat-app-react-node-socket-io/preview/lecture/authorization-part-2","url":"/course/mern-stack-real-time-chat-app-react-node-socket-io/learn/lecture/authorization-part-2","video":""}]},{"title":"Redux Setup","total":2,"duration":"18m 49sec","lessons":[{"title":"Redux Setup","duration":"07m 03sec","resourses":[],"preview":"/course/mern-stack-real-time-chat-app-react-node-socket-io/preview/lecture/redux-setup","url":"/course/mern-stack-real-time-chat-app-react-node-socket-io/learn/lecture/redux-setup","video":""},{"title":"Showing Loaders using States","duration":"11m 46sec","resourses":[],"preview":"/course/mern-stack-real-time-chat-app-react-node-socket-io/preview/lecture/showing-loaders-using-states","url":"/course/mern-stack-real-time-chat-app-react-node-socket-io/learn/lecture/showing-loaders-using-states","video":""}]},{"title":"Home Screen","total":3,"duration":"39m 36sec","lessons":[{"title":"Layout","duration":"10m 46sec","resourses":[],"preview":"/course/mern-stack-real-time-chat-app-react-node-socket-io/preview/lecture/layout","url":"/course/mern-stack-real-time-chat-app-react-node-socket-io/learn/lecture/layout","video":""},{"title":"Users Search","duration":"17m 47sec","resourses":[],"preview":"/course/mern-stack-real-time-chat-app-react-node-socket-io/preview/lecture/users-search","url":"/course/mern-stack-real-time-chat-app-react-node-socket-io/learn/lecture/users-search","video":""},{"title":"Users List","duration":"11m 03sec","resourses":[],"preview":"/course/mern-stack-real-time-chat-app-react-node-socket-io/preview/lecture/users-list","url":"/course/mern-stack-real-time-chat-app-react-node-socket-io/learn/lecture/users-list","video":""}]},{"title":"Chats","total":4,"duration":"01h 09m","lessons":[{"title":"Chat API's","duration":"11m 56sec","resourses":[],"preview":"/course/mern-stack-real-time-chat-app-react-node-socket-io/preview/lecture/chat-api's","url":"/course/mern-stack-real-time-chat-app-react-node-socket-io/learn/lecture/chat-api's","video":""},{"title":"Create Chat","duration":"27m 25sec","resourses":[],"preview":"/course/mern-stack-real-time-chat-app-react-node-socket-io/preview/lecture/create-chat","url":"/course/mern-stack-real-time-chat-app-react-node-socket-io/learn/lecture/create-chat","video":""},{"title":"Chat Area","duration":"21m 43sec","resourses":[],"preview":"/course/mern-stack-real-time-chat-app-react-node-socket-io/preview/lecture/chat-area","url":"/course/mern-stack-real-time-chat-app-react-node-socket-io/learn/lecture/chat-area","video":""},{"title":"Chat Input","duration":"07m 57sec","resourses":[],"preview":"/course/mern-stack-real-time-chat-app-react-node-socket-io/preview/lecture/chat-input","url":"/course/mern-stack-real-time-chat-app-react-node-socket-io/learn/lecture/chat-input","video":""}]},{"title":"Messages","total":3,"duration":"49m 39sec","lessons":[{"title":"Send Message","duration":"16m 06sec","resourses":[],"preview":"/course/mern-stack-real-time-chat-app-react-node-socket-io/preview/lecture/send-message","url":"/course/mern-stack-real-time-chat-app-react-node-socket-io/learn/lecture/send-message","video":""},{"title":"Get Messges","duration":"19m 16sec","resourses":[],"preview":"/course/mern-stack-real-time-chat-app-react-node-socket-io/preview/lecture/get-messges","url":"/course/mern-stack-real-time-chat-app-react-node-socket-io/learn/lecture/get-messges","video":""},{"title":"Last Message in Selected Chat","duration":"14m 17sec","resourses":[],"preview":"/course/mern-stack-real-time-chat-app-react-node-socket-io/preview/lecture/last-message-in-selected-chat","url":"/course/mern-stack-real-time-chat-app-react-node-socket-io/learn/lecture/last-message-in-selected-chat","video":""}]},{"title":"Unread Messages","total":3,"duration":"57m 37sec","lessons":[{"title":"Unread Messages Count","duration":"24m 59sec","resourses":[],"preview":"/course/mern-stack-real-time-chat-app-react-node-socket-io/preview/lecture/unread-messages-count","url":"/course/mern-stack-real-time-chat-app-react-node-socket-io/learn/lecture/unread-messages-count","video":""},{"title":"Clear Unread Messages","duration":"13m 58sec","resourses":[],"preview":"/course/mern-stack-real-time-chat-app-react-node-socket-io/preview/lecture/clear-unread-messages","url":"/course/mern-stack-real-time-chat-app-react-node-socket-io/learn/lecture/clear-unread-messages","video":""},{"title":"Users List Refractor","duration":"18m 40sec","resourses":[],"preview":"/course/mern-stack-real-time-chat-app-react-node-socket-io/preview/lecture/users-list-refractor","url":"/course/mern-stack-real-time-chat-app-react-node-socket-io/learn/lecture/users-list-refractor","video":""}]},{"title":"Sockets Intro","total":2,"duration":"34m 45sec","lessons":[{"title":"Sockets Intro","duration":"13m 07sec","resourses":[],"preview":"/course/mern-stack-real-time-chat-app-react-node-socket-io/preview/lecture/sockets-intro","url":"/course/mern-stack-real-time-chat-app-react-node-socket-io/learn/lecture/sockets-intro","video":""},{"title":"Sockets Rooms","duration":"21m 38sec","resourses":[],"preview":"/course/mern-stack-real-time-chat-app-react-node-socket-io/preview/lecture/sockets-rooms","url":"/course/mern-stack-real-time-chat-app-react-node-socket-io/learn/lecture/sockets-rooms","video":""}]},{"title":"Realtime messages","total":3,"duration":"28m 55sec","lessons":[{"title":"Messages with sockets - 1","duration":"21m 31sec","resourses":[],"preview":"/course/mern-stack-real-time-chat-app-react-node-socket-io/preview/lecture/messages-with-sockets-1","url":"/course/mern-stack-real-time-chat-app-react-node-socket-io/learn/lecture/messages-with-sockets-1","video":""},{"title":"Messages with sockets - 2","duration":"07m 15sec","resourses":[],"preview":"/course/mern-stack-real-time-chat-app-react-node-socket-io/preview/lecture/messages-with-sockets-2","url":"/course/mern-stack-real-time-chat-app-react-node-socket-io/learn/lecture/messages-with-sockets-2","video":""},{"title":"Bug Fix","duration":"09sec","resourses":[],"preview":"/course/mern-stack-real-time-chat-app-react-node-socket-io/preview/lecture/bug-fix","url":"/course/mern-stack-real-time-chat-app-react-node-socket-io/learn/lecture/bug-fix","video":""}]},{"title":"Unread Messages and Read Receipts","total":2,"duration":"24m 44sec","lessons":[{"title":"Unread Messages Count using Socket","duration":"08m 42sec","resourses":[],"preview":"/course/mern-stack-real-time-chat-app-react-node-socket-io/preview/lecture/unread-messages-count-using-socket","url":"/course/mern-stack-real-time-chat-app-react-node-socket-io/learn/lecture/unread-messages-count-using-socket","video":""},{"title":"Clear unread messages with sockets","duration":"16m 02sec","resourses":[],"preview":"/course/mern-stack-real-time-chat-app-react-node-socket-io/preview/lecture/clear-unread-messages-with-sockets","url":"/course/mern-stack-real-time-chat-app-react-node-socket-io/learn/lecture/clear-unread-messages-with-sockets","video":""}]},{"title":"Typing and Online Users","total":4,"duration":"48m 00sec","lessons":[{"title":"Typing Indicator","duration":"19m 35sec","resourses":[],"preview":"/course/mern-stack-real-time-chat-app-react-node-socket-io/preview/lecture/typing-indicator","url":"/course/mern-stack-real-time-chat-app-react-node-socket-io/learn/lecture/typing-indicator","video":""},{"title":"Show online users","duration":"11m 43sec","resourses":[],"preview":"/course/mern-stack-real-time-chat-app-react-node-socket-io/preview/lecture/show-online-users","url":"/course/mern-stack-real-time-chat-app-react-node-socket-io/learn/lecture/show-online-users","video":""},{"title":"Sort Chat List based on Latest Chat","duration":"05m 08sec","resourses":[],"preview":"/course/mern-stack-real-time-chat-app-react-node-socket-io/preview/lecture/sort-chat-list-based-on-latest-chat","url":"/course/mern-stack-real-time-chat-app-react-node-socket-io/learn/lecture/sort-chat-list-based-on-latest-chat","video":""},{"title":"Show dates and times accordingly","duration":"11m 34sec","resourses":[],"preview":"/course/mern-stack-real-time-chat-app-react-node-socket-io/preview/lecture/show-dates-and-times-accordingly","url":"/course/mern-stack-real-time-chat-app-react-node-socket-io/learn/lecture/show-dates-and-times-accordingly","video":""}]},{"title":"Emojis and Image sharing","total":4,"duration":"01h 08m","lessons":[{"title":"Emojis","duration":"13m 07sec","resourses":[],"preview":"/course/mern-stack-real-time-chat-app-react-node-socket-io/preview/lecture/emojis","url":"/course/mern-stack-real-time-chat-app-react-node-socket-io/learn/lecture/emojis","video":""},{"title":"Profile Pic - UI","duration":"13m 00sec","resourses":[],"preview":"/course/mern-stack-real-time-chat-app-react-node-socket-io/preview/lecture/profile-pic-ui","url":"/course/mern-stack-real-time-chat-app-react-node-socket-io/learn/lecture/profile-pic-ui","video":""},{"title":"Profile Pic - Backend","duration":"20m 59sec","resourses":[],"preview":"/course/mern-stack-real-time-chat-app-react-node-socket-io/preview/lecture/profile-pic-backend","url":"/course/mern-stack-real-time-chat-app-react-node-socket-io/learn/lecture/profile-pic-backend","video":""},{"title":"Image sharing","duration":"21m 27sec","resourses":[],"preview":"/course/mern-stack-real-time-chat-app-react-node-socket-io/preview/lecture/image-sharing","url":"/course/mern-stack-real-time-chat-app-react-node-socket-io/learn/lecture/image-sharing","video":""}]},{"title":"Bug Fixes and Deployment","total":3,"duration":"43m 29sec","lessons":[{"title":"Fixes Part - 1","duration":"21m 07sec","resourses":[],"preview":"/course/mern-stack-real-time-chat-app-react-node-socket-io/preview/lecture/fixes-part-1","url":"/course/mern-stack-real-time-chat-app-react-node-socket-io/learn/lecture/fixes-part-1","video":""},{"title":"Fixes Part - 2","duration":"08m 04sec","resourses":[],"preview":"/course/mern-stack-real-time-chat-app-react-node-socket-io/preview/lecture/fixes-part-2","url":"/course/mern-stack-real-time-chat-app-react-node-socket-io/learn/lecture/fixes-part-2","video":""},{"title":"Deploy to Render","duration":"14m 18sec","resourses":[],"preview":"/course/mern-stack-real-time-chat-app-react-node-socket-io/preview/lecture/deploy-to-render","url":"/course/mern-stack-real-time-chat-app-react-node-socket-io/learn/lecture/deploy-to-render","video":""}]}]}