{"duration":"42h 12m duration","total":229,"sections":[{"title":"Welcome, Welcome, Welcome!","total":3,"duration":"12m 38sec","lessons":[{"title":"Course Structure and Projects","duration":"06m 45sec","resourses":[],"preview":"/course/nodejs-express-mongodb-bootcamp/preview/lecture/course-structure-and-projects","url":"/course/nodejs-express-mongodb-bootcamp/learn/lecture/course-structure-and-projects","video":""},{"title":"READ BEFORE YOU START!","duration":"29sec","resourses":[],"preview":"/course/nodejs-express-mongodb-bootcamp/preview/lecture/read-before-you-start!","url":"/course/nodejs-express-mongodb-bootcamp/learn/lecture/read-before-you-start!","video":""},{"title":"Let's Install Node.js","duration":"05m 24sec","resourses":[],"preview":"/course/nodejs-express-mongodb-bootcamp/preview/lecture/let's-install-node.js","url":"/course/nodejs-express-mongodb-bootcamp/learn/lecture/let's-install-node.js","video":""}]},{"title":"Introduction to Node.js and NPM","total":20,"duration":"03h 20m","lessons":[{"title":"Section Intro","duration":"54sec","resourses":[],"preview":"/course/nodejs-express-mongodb-bootcamp/preview/lecture/section-intro","url":"/course/nodejs-express-mongodb-bootcamp/learn/lecture/section-intro","video":""},{"title":"What Is Node.js and Why Use It?","duration":"07m 38sec","resourses":[],"preview":"/course/nodejs-express-mongodb-bootcamp/preview/lecture/what-is-node.js-and-why-use-it","url":"/course/nodejs-express-mongodb-bootcamp/learn/lecture/what-is-node.js-and-why-use-it","video":""},{"title":"Running Javascript Outside the Browser","duration":"06m 27sec","resourses":[],"preview":"/course/nodejs-express-mongodb-bootcamp/preview/lecture/running-javascript-outside-the-browser","url":"/course/nodejs-express-mongodb-bootcamp/learn/lecture/running-javascript-outside-the-browser","video":""},{"title":"Using Modules 1: Core Modules","duration":"05m 59sec","resourses":[],"preview":"/course/nodejs-express-mongodb-bootcamp/preview/lecture/using-modules-1:-core-modules","url":"/course/nodejs-express-mongodb-bootcamp/learn/lecture/using-modules-1:-core-modules","video":""},{"title":"Reading and Writing Files","duration":"07m 28sec","resourses":[],"preview":"/course/nodejs-express-mongodb-bootcamp/preview/lecture/reading-and-writing-files","url":"/course/nodejs-express-mongodb-bootcamp/learn/lecture/reading-and-writing-files","video":""},{"title":"Blocking and Non-Blocking: Asynchronous Nature of Node.js","duration":"10m 13sec","resourses":[],"preview":"/course/nodejs-express-mongodb-bootcamp/preview/lecture/blocking-and-non-blocking:-asynchronous-nature-of-node.js","url":"/course/nodejs-express-mongodb-bootcamp/learn/lecture/blocking-and-non-blocking:-asynchronous-nature-of-node.js","video":""},{"title":"Reading and Writing Files Asynchronously","duration":"14m 16sec","resourses":[],"preview":"/course/nodejs-express-mongodb-bootcamp/preview/lecture/reading-and-writing-files-asynchronously","url":"/course/nodejs-express-mongodb-bootcamp/learn/lecture/reading-and-writing-files-asynchronously","video":""},{"title":"Creating a Simple Web Server","duration":"12m 49sec","resourses":[],"preview":"/course/nodejs-express-mongodb-bootcamp/preview/lecture/creating-a-simple-web-server","url":"/course/nodejs-express-mongodb-bootcamp/learn/lecture/creating-a-simple-web-server","video":""},{"title":"Routing","duration":"15m 18sec","resourses":[],"preview":"/course/nodejs-express-mongodb-bootcamp/preview/lecture/routing","url":"/course/nodejs-express-mongodb-bootcamp/learn/lecture/routing","video":""},{"title":"Building a (Very) Simple API","duration":"14m 28sec","resourses":[],"preview":"/course/nodejs-express-mongodb-bootcamp/preview/lecture/building-a-(very)-simple-api","url":"/course/nodejs-express-mongodb-bootcamp/learn/lecture/building-a-(very)-simple-api","video":""},{"title":"HTML Templating: Building the Templates","duration":"14m 03sec","resourses":[],"preview":"/course/nodejs-express-mongodb-bootcamp/preview/lecture/html-templating:-building-the-templates","url":"/course/nodejs-express-mongodb-bootcamp/learn/lecture/html-templating:-building-the-templates","video":""},{"title":"HTML Templating: Filling the Templates","duration":"20m 45sec","resourses":[],"preview":"/course/nodejs-express-mongodb-bootcamp/preview/lecture/html-templating:-filling-the-templates","url":"/course/nodejs-express-mongodb-bootcamp/learn/lecture/html-templating:-filling-the-templates","video":""},{"title":"Parsing Variables from URLs","duration":"10m 23sec","resourses":[],"preview":"/course/nodejs-express-mongodb-bootcamp/preview/lecture/parsing-variables-from-urls","url":"/course/nodejs-express-mongodb-bootcamp/learn/lecture/parsing-variables-from-urls","video":""},{"title":"Using Modules 2: Our Own Modules","duration":"06m 34sec","resourses":[],"preview":"/course/nodejs-express-mongodb-bootcamp/preview/lecture/using-modules-2:-our-own-modules","url":"/course/nodejs-express-mongodb-bootcamp/learn/lecture/using-modules-2:-our-own-modules","video":""},{"title":"Introduction to NPM and the package.json File","duration":"05m 17sec","resourses":[],"preview":"/course/nodejs-express-mongodb-bootcamp/preview/lecture/introduction-to-npm-and-the-package.json-file","url":"/course/nodejs-express-mongodb-bootcamp/learn/lecture/introduction-to-npm-and-the-package.json-file","video":""},{"title":"Types of Packages and Installs","duration":"13m 39sec","resourses":[],"preview":"/course/nodejs-express-mongodb-bootcamp/preview/lecture/types-of-packages-and-installs","url":"/course/nodejs-express-mongodb-bootcamp/learn/lecture/types-of-packages-and-installs","video":""},{"title":"Using Modules 3: 3rd Party Modules","duration":"07m 55sec","resourses":[],"preview":"/course/nodejs-express-mongodb-bootcamp/preview/lecture/using-modules-3:-3rd-party-modules","url":"/course/nodejs-express-mongodb-bootcamp/learn/lecture/using-modules-3:-3rd-party-modules","video":""},{"title":"Package Versioning and Updating","duration":"11m 45sec","resourses":[],"preview":"/course/nodejs-express-mongodb-bootcamp/preview/lecture/package-versioning-and-updating","url":"/course/nodejs-express-mongodb-bootcamp/learn/lecture/package-versioning-and-updating","video":""},{"title":"Setting up Prettier in VS Code","duration":"11m 27sec","resourses":[],"preview":"/course/nodejs-express-mongodb-bootcamp/preview/lecture/setting-up-prettier-in-vs-code","url":"/course/nodejs-express-mongodb-bootcamp/learn/lecture/setting-up-prettier-in-vs-code","video":""},{"title":"Recap and What's Next","duration":"02m 57sec","resourses":[],"preview":"/course/nodejs-express-mongodb-bootcamp/preview/lecture/recap-and-what's-next","url":"/course/nodejs-express-mongodb-bootcamp/learn/lecture/recap-and-what's-next","video":""}]},{"title":"Introduction to Back-End Web Development","total":5,"duration":"35m 00sec","lessons":[{"title":"Section Intro","duration":"46sec","resourses":[],"preview":"/course/nodejs-express-mongodb-bootcamp/preview/lecture/section-intro","url":"/course/nodejs-express-mongodb-bootcamp/learn/lecture/section-intro","video":""},{"title":"An Overview of How the Web Works","duration":"13m 28sec","resourses":[],"preview":"/course/nodejs-express-mongodb-bootcamp/preview/lecture/an-overview-of-how-the-web-works","url":"/course/nodejs-express-mongodb-bootcamp/learn/lecture/an-overview-of-how-the-web-works","video":""},{"title":"HTTP in Action","duration":"05m 29sec","resourses":[],"preview":"/course/nodejs-express-mongodb-bootcamp/preview/lecture/http-in-action","url":"/course/nodejs-express-mongodb-bootcamp/learn/lecture/http-in-action","video":""},{"title":"Front-End vs. Back-End Web Development","duration":"06m 02sec","resourses":[],"preview":"/course/nodejs-express-mongodb-bootcamp/preview/lecture/front-end-vs.-back-end-web-development","url":"/course/nodejs-express-mongodb-bootcamp/learn/lecture/front-end-vs.-back-end-web-development","video":""},{"title":"Static vs Dynamic vs API","duration":"09m 15sec","resourses":[],"preview":"/course/nodejs-express-mongodb-bootcamp/preview/lecture/static-vs-dynamic-vs-api","url":"/course/nodejs-express-mongodb-bootcamp/learn/lecture/static-vs-dynamic-vs-api","video":""}]},{"title":"How Node.js Works: A Look Behind the Scenes","total":11,"duration":"01h 46m","lessons":[{"title":"Section Intro","duration":"01m 24sec","resourses":[],"preview":"/course/nodejs-express-mongodb-bootcamp/preview/lecture/section-intro","url":"/course/nodejs-express-mongodb-bootcamp/learn/lecture/section-intro","video":""},{"title":"Node, V8, Libuv and C++","duration":"03m 47sec","resourses":[],"preview":"/course/nodejs-express-mongodb-bootcamp/preview/lecture/node-v8-libuv-and-c++","url":"/course/nodejs-express-mongodb-bootcamp/learn/lecture/node-v8-libuv-and-c++","video":""},{"title":"Processes, Threads and the Thread Pool","duration":"04m 21sec","resourses":[],"preview":"/course/nodejs-express-mongodb-bootcamp/preview/lecture/processes-threads-and-the-thread-pool","url":"/course/nodejs-express-mongodb-bootcamp/learn/lecture/processes-threads-and-the-thread-pool","video":""},{"title":"The Node.js Event Loop","duration":"11m 33sec","resourses":[],"preview":"/course/nodejs-express-mongodb-bootcamp/preview/lecture/the-node.js-event-loop","url":"/course/nodejs-express-mongodb-bootcamp/learn/lecture/the-node.js-event-loop","video":""},{"title":"The Event Loop in Practice","duration":"18m 50sec","resourses":[],"preview":"/course/nodejs-express-mongodb-bootcamp/preview/lecture/the-event-loop-in-practice","url":"/course/nodejs-express-mongodb-bootcamp/learn/lecture/the-event-loop-in-practice","video":""},{"title":"Events and Event-Driven Architecture","duration":"04m 18sec","resourses":[],"preview":"/course/nodejs-express-mongodb-bootcamp/preview/lecture/events-and-event-driven-architecture","url":"/course/nodejs-express-mongodb-bootcamp/learn/lecture/events-and-event-driven-architecture","video":""},{"title":"Events in Practice","duration":"13m 54sec","resourses":[],"preview":"/course/nodejs-express-mongodb-bootcamp/preview/lecture/events-in-practice","url":"/course/nodejs-express-mongodb-bootcamp/learn/lecture/events-in-practice","video":""},{"title":"Introduction to Streams","duration":"06m 17sec","resourses":[],"preview":"/course/nodejs-express-mongodb-bootcamp/preview/lecture/introduction-to-streams","url":"/course/nodejs-express-mongodb-bootcamp/learn/lecture/introduction-to-streams","video":""},{"title":"Streams in Practice","duration":"16m 06sec","resourses":[],"preview":"/course/nodejs-express-mongodb-bootcamp/preview/lecture/streams-in-practice","url":"/course/nodejs-express-mongodb-bootcamp/learn/lecture/streams-in-practice","video":""},{"title":"How Requiring Modules Really Works","duration":"09m 39sec","resourses":[],"preview":"/course/nodejs-express-mongodb-bootcamp/preview/lecture/how-requiring-modules-really-works","url":"/course/nodejs-express-mongodb-bootcamp/learn/lecture/how-requiring-modules-really-works","video":""},{"title":"Requiring Modules in Practice","duration":"15m 51sec","resourses":[],"preview":"/course/nodejs-express-mongodb-bootcamp/preview/lecture/requiring-modules-in-practice","url":"/course/nodejs-express-mongodb-bootcamp/learn/lecture/requiring-modules-in-practice","video":""}]},{"title":"[Optional] Asynchronous JavaScript: Promises and Async/Await","total":7,"duration":"01h 02m","lessons":[{"title":"Section Intro","duration":"57sec","resourses":[],"preview":"/course/nodejs-express-mongodb-bootcamp/preview/lecture/section-intro","url":"/course/nodejs-express-mongodb-bootcamp/learn/lecture/section-intro","video":""},{"title":"The Problem with Callbacks: Callback Hell","duration":"12m 46sec","resourses":[],"preview":"/course/nodejs-express-mongodb-bootcamp/preview/lecture/the-problem-with-callbacks:-callback-hell","url":"/course/nodejs-express-mongodb-bootcamp/learn/lecture/the-problem-with-callbacks:-callback-hell","video":""},{"title":"From Callback Hell to Promises","duration":"06m 42sec","resourses":[],"preview":"/course/nodejs-express-mongodb-bootcamp/preview/lecture/from-callback-hell-to-promises","url":"/course/nodejs-express-mongodb-bootcamp/learn/lecture/from-callback-hell-to-promises","video":""},{"title":"Building Promises","duration":"14m 42sec","resourses":[],"preview":"/course/nodejs-express-mongodb-bootcamp/preview/lecture/building-promises","url":"/course/nodejs-express-mongodb-bootcamp/learn/lecture/building-promises","video":""},{"title":"Consuming Promises with Async/Await","duration":"07m 48sec","resourses":[],"preview":"/course/nodejs-express-mongodb-bootcamp/preview/lecture/consuming-promises-with-asyncawait","url":"/course/nodejs-express-mongodb-bootcamp/learn/lecture/consuming-promises-with-asyncawait","video":""},{"title":"Returning Values from Async Functions","duration":"13m 03sec","resourses":[],"preview":"/course/nodejs-express-mongodb-bootcamp/preview/lecture/returning-values-from-async-functions","url":"/course/nodejs-express-mongodb-bootcamp/learn/lecture/returning-values-from-async-functions","video":""},{"title":"Waiting for Multiple Promises Simultaneously","duration":"06m 11sec","resourses":[],"preview":"/course/nodejs-express-mongodb-bootcamp/preview/lecture/waiting-for-multiple-promises-simultaneously","url":"/course/nodejs-express-mongodb-bootcamp/learn/lecture/waiting-for-multiple-promises-simultaneously","video":""}]},{"title":"Express: Let's Start Building the Natours API!","total":22,"duration":"03h 24m","lessons":[{"title":"Section Intro","duration":"56sec","resourses":[],"preview":"/course/nodejs-express-mongodb-bootcamp/preview/lecture/section-intro","url":"/course/nodejs-express-mongodb-bootcamp/learn/lecture/section-intro","video":""},{"title":"What is Express?","duration":"02m 01sec","resourses":[],"preview":"/course/nodejs-express-mongodb-bootcamp/preview/lecture/what-is-express","url":"/course/nodejs-express-mongodb-bootcamp/learn/lecture/what-is-express","video":""},{"title":"Installing Postman","duration":"03m 25sec","resourses":[],"preview":"/course/nodejs-express-mongodb-bootcamp/preview/lecture/installing-postman","url":"/course/nodejs-express-mongodb-bootcamp/learn/lecture/installing-postman","video":""},{"title":"Setting up Express and Basic Routing","duration":"14m 47sec","resourses":[],"preview":"/course/nodejs-express-mongodb-bootcamp/preview/lecture/setting-up-express-and-basic-routing","url":"/course/nodejs-express-mongodb-bootcamp/learn/lecture/setting-up-express-and-basic-routing","video":""},{"title":"APIs and RESTful API Design","duration":"16m 07sec","resourses":[],"preview":"/course/nodejs-express-mongodb-bootcamp/preview/lecture/apis-and-restful-api-design","url":"/course/nodejs-express-mongodb-bootcamp/learn/lecture/apis-and-restful-api-design","video":""},{"title":"Starting Our API: Handling GET Requests","duration":"12m 19sec","resourses":[],"preview":"/course/nodejs-express-mongodb-bootcamp/preview/lecture/starting-our-api:-handling-get-requests","url":"/course/nodejs-express-mongodb-bootcamp/learn/lecture/starting-our-api:-handling-get-requests","video":""},{"title":"Handling POST Requests","duration":"15m 21sec","resourses":[],"preview":"/course/nodejs-express-mongodb-bootcamp/preview/lecture/handling-post-requests","url":"/course/nodejs-express-mongodb-bootcamp/learn/lecture/handling-post-requests","video":""},{"title":"Responding to URL Parameters","duration":"11m 48sec","resourses":[],"preview":"/course/nodejs-express-mongodb-bootcamp/preview/lecture/responding-to-url-parameters","url":"/course/nodejs-express-mongodb-bootcamp/learn/lecture/responding-to-url-parameters","video":""},{"title":"Handling PATCH Requests","duration":"07m 05sec","resourses":[],"preview":"/course/nodejs-express-mongodb-bootcamp/preview/lecture/handling-patch-requests","url":"/course/nodejs-express-mongodb-bootcamp/learn/lecture/handling-patch-requests","video":""},{"title":"Handling DELETE Requests","duration":"02m 40sec","resourses":[],"preview":"/course/nodejs-express-mongodb-bootcamp/preview/lecture/handling-delete-requests","url":"/course/nodejs-express-mongodb-bootcamp/learn/lecture/handling-delete-requests","video":""},{"title":"Refactoring Our Routes","duration":"06m 47sec","resourses":[],"preview":"/course/nodejs-express-mongodb-bootcamp/preview/lecture/refactoring-our-routes","url":"/course/nodejs-express-mongodb-bootcamp/learn/lecture/refactoring-our-routes","video":""},{"title":"Middleware and the Request-Response Cycle","duration":"04m 48sec","resourses":[],"preview":"/course/nodejs-express-mongodb-bootcamp/preview/lecture/middleware-and-the-request-response-cycle","url":"/course/nodejs-express-mongodb-bootcamp/learn/lecture/middleware-and-the-request-response-cycle","video":""},{"title":"Creating Our Own Middleware","duration":"09m 05sec","resourses":[],"preview":"/course/nodejs-express-mongodb-bootcamp/preview/lecture/creating-our-own-middleware","url":"/course/nodejs-express-mongodb-bootcamp/learn/lecture/creating-our-own-middleware","video":""},{"title":"Using 3rd-Party Middleware","duration":"09m 35sec","resourses":[],"preview":"/course/nodejs-express-mongodb-bootcamp/preview/lecture/using-3rd-party-middleware","url":"/course/nodejs-express-mongodb-bootcamp/learn/lecture/using-3rd-party-middleware","video":""},{"title":"Implementing the \"Users\" Routes","duration":"06m 57sec","resourses":[],"preview":"/course/nodejs-express-mongodb-bootcamp/preview/lecture/implementing-the-\"users\"-routes","url":"/course/nodejs-express-mongodb-bootcamp/learn/lecture/implementing-the-\"users\"-routes","video":""},{"title":"Creating and Mounting Multiple Routers","duration":"08m 04sec","resourses":[],"preview":"/course/nodejs-express-mongodb-bootcamp/preview/lecture/creating-and-mounting-multiple-routers","url":"/course/nodejs-express-mongodb-bootcamp/learn/lecture/creating-and-mounting-multiple-routers","video":""},{"title":"A Better File Structure","duration":"18m 20sec","resourses":[],"preview":"/course/nodejs-express-mongodb-bootcamp/preview/lecture/a-better-file-structure","url":"/course/nodejs-express-mongodb-bootcamp/learn/lecture/a-better-file-structure","video":""},{"title":"Param Middleware","duration":"10m 54sec","resourses":[],"preview":"/course/nodejs-express-mongodb-bootcamp/preview/lecture/param-middleware","url":"/course/nodejs-express-mongodb-bootcamp/learn/lecture/param-middleware","video":""},{"title":"Chaining Multiple Middleware Functions","duration":"07m 34sec","resourses":[],"preview":"/course/nodejs-express-mongodb-bootcamp/preview/lecture/chaining-multiple-middleware-functions","url":"/course/nodejs-express-mongodb-bootcamp/learn/lecture/chaining-multiple-middleware-functions","video":""},{"title":"Serving Static Files","duration":"05m 27sec","resourses":[],"preview":"/course/nodejs-express-mongodb-bootcamp/preview/lecture/serving-static-files","url":"/course/nodejs-express-mongodb-bootcamp/learn/lecture/serving-static-files","video":""},{"title":"Environment Variables","duration":"16m 39sec","resourses":[],"preview":"/course/nodejs-express-mongodb-bootcamp/preview/lecture/environment-variables","url":"/course/nodejs-express-mongodb-bootcamp/learn/lecture/environment-variables","video":""},{"title":"Setting up ESLint + Prettier in VS Code","duration":"13m 33sec","resourses":[],"preview":"/course/nodejs-express-mongodb-bootcamp/preview/lecture/setting-up-eslint-+-prettier-in-vs-code","url":"/course/nodejs-express-mongodb-bootcamp/learn/lecture/setting-up-eslint-+-prettier-in-vs-code","video":""}]},{"title":"Introduction to MongoDB","total":13,"duration":"01h 20m","lessons":[{"title":"Section Intro","duration":"48sec","resourses":[],"preview":"/course/nodejs-express-mongodb-bootcamp/preview/lecture/section-intro","url":"/course/nodejs-express-mongodb-bootcamp/learn/lecture/section-intro","video":""},{"title":"What is MongoDB?","duration":"08m 44sec","resourses":[],"preview":"/course/nodejs-express-mongodb-bootcamp/preview/lecture/what-is-mongodb","url":"/course/nodejs-express-mongodb-bootcamp/learn/lecture/what-is-mongodb","video":""},{"title":"No Need to Install MongoDB Locally","duration":"20sec","resourses":[],"preview":"/course/nodejs-express-mongodb-bootcamp/preview/lecture/no-need-to-install-mongodb-locally","url":"/course/nodejs-express-mongodb-bootcamp/learn/lecture/no-need-to-install-mongodb-locally","video":""},{"title":"[OPTIONAL] Installing MongoDB on macOS","duration":"06m 34sec","resourses":[],"preview":"/course/nodejs-express-mongodb-bootcamp/preview/lecture/optional-installing-mongodb-on-macos","url":"/course/nodejs-express-mongodb-bootcamp/learn/lecture/optional-installing-mongodb-on-macos","video":""},{"title":"[OPTIONAL] Installing MongoDB on Windows","duration":"10m 02sec","resourses":[],"preview":"/course/nodejs-express-mongodb-bootcamp/preview/lecture/optional-installing-mongodb-on-windows","url":"/course/nodejs-express-mongodb-bootcamp/learn/lecture/optional-installing-mongodb-on-windows","video":""},{"title":"[OPTIONAL] Creating a Local Database","duration":"07m 39sec","resourses":[],"preview":"/course/nodejs-express-mongodb-bootcamp/preview/lecture/optional-creating-a-local-database","url":"/course/nodejs-express-mongodb-bootcamp/learn/lecture/optional-creating-a-local-database","video":""},{"title":"[OPTIONAL] CRUD: Creating Documents","duration":"04m 17sec","resourses":[],"preview":"/course/nodejs-express-mongodb-bootcamp/preview/lecture/optional-crud:-creating-documents","url":"/course/nodejs-express-mongodb-bootcamp/learn/lecture/optional-crud:-creating-documents","video":""},{"title":"[OPTIONAL] CRUD: Querying (Reading) Documents","duration":"12m 26sec","resourses":[],"preview":"/course/nodejs-express-mongodb-bootcamp/preview/lecture/optional-crud:-querying-(reading)-documents","url":"/course/nodejs-express-mongodb-bootcamp/learn/lecture/optional-crud:-querying-(reading)-documents","video":""},{"title":"[OPTIONAL] CRUD: Updating Documents","duration":"07m 50sec","resourses":[],"preview":"/course/nodejs-express-mongodb-bootcamp/preview/lecture/optional-crud:-updating-documents","url":"/course/nodejs-express-mongodb-bootcamp/learn/lecture/optional-crud:-updating-documents","video":""},{"title":"[OPTIONAL] CRUD: Deleting Documents","duration":"02m 47sec","resourses":[],"preview":"/course/nodejs-express-mongodb-bootcamp/preview/lecture/optional-crud:-deleting-documents","url":"/course/nodejs-express-mongodb-bootcamp/learn/lecture/optional-crud:-deleting-documents","video":""},{"title":"Using Compass App for CRUD Operations","duration":"07m 10sec","resourses":[],"preview":"/course/nodejs-express-mongodb-bootcamp/preview/lecture/using-compass-app-for-crud-operations","url":"/course/nodejs-express-mongodb-bootcamp/learn/lecture/using-compass-app-for-crud-operations","video":""},{"title":"Creating a Hosted Database with Atlas","duration":"04m 27sec","resourses":[],"preview":"/course/nodejs-express-mongodb-bootcamp/preview/lecture/creating-a-hosted-database-with-atlas","url":"/course/nodejs-express-mongodb-bootcamp/learn/lecture/creating-a-hosted-database-with-atlas","video":""},{"title":"Connecting to Our Hosted Database","duration":"07m 35sec","resourses":[],"preview":"/course/nodejs-express-mongodb-bootcamp/preview/lecture/connecting-to-our-hosted-database","url":"/course/nodejs-express-mongodb-bootcamp/learn/lecture/connecting-to-our-hosted-database","video":""}]},{"title":"Using MongoDB with Mongoose","total":28,"duration":"05h 10m","lessons":[{"title":"Section Intro","duration":"55sec","resourses":[],"preview":"/course/nodejs-express-mongodb-bootcamp/preview/lecture/section-intro","url":"/course/nodejs-express-mongodb-bootcamp/learn/lecture/section-intro","video":""},{"title":"Connecting Our Database with the Express App","duration":"12m 24sec","resourses":[],"preview":"/course/nodejs-express-mongodb-bootcamp/preview/lecture/connecting-our-database-with-the-express-app","url":"/course/nodejs-express-mongodb-bootcamp/learn/lecture/connecting-our-database-with-the-express-app","video":""},{"title":"What Is Mongoose?","duration":"01m 53sec","resourses":[],"preview":"/course/nodejs-express-mongodb-bootcamp/preview/lecture/what-is-mongoose","url":"/course/nodejs-express-mongodb-bootcamp/learn/lecture/what-is-mongoose","video":""},{"title":"Creating a Simple Tour Model","duration":"07m 01sec","resourses":[],"preview":"/course/nodejs-express-mongodb-bootcamp/preview/lecture/creating-a-simple-tour-model","url":"/course/nodejs-express-mongodb-bootcamp/learn/lecture/creating-a-simple-tour-model","video":""},{"title":"Creating Documents and Testing the Model","duration":"09m 02sec","resourses":[],"preview":"/course/nodejs-express-mongodb-bootcamp/preview/lecture/creating-documents-and-testing-the-model","url":"/course/nodejs-express-mongodb-bootcamp/learn/lecture/creating-documents-and-testing-the-model","video":""},{"title":"Intro to Back-End Architecture: MVC, Types of Logic, and More","duration":"06m 54sec","resourses":[],"preview":"/course/nodejs-express-mongodb-bootcamp/preview/lecture/intro-to-back-end-architecture:-mvc-types-of-logic-and-more","url":"/course/nodejs-express-mongodb-bootcamp/learn/lecture/intro-to-back-end-architecture:-mvc-types-of-logic-and-more","video":""},{"title":"Refactoring for MVC","duration":"06m 31sec","resourses":[],"preview":"/course/nodejs-express-mongodb-bootcamp/preview/lecture/refactoring-for-mvc","url":"/course/nodejs-express-mongodb-bootcamp/learn/lecture/refactoring-for-mvc","video":""},{"title":"Another Way of Creating Documents","duration":"13m 53sec","resourses":[],"preview":"/course/nodejs-express-mongodb-bootcamp/preview/lecture/another-way-of-creating-documents","url":"/course/nodejs-express-mongodb-bootcamp/learn/lecture/another-way-of-creating-documents","video":""},{"title":"Reading Documents","duration":"08m 35sec","resourses":[],"preview":"/course/nodejs-express-mongodb-bootcamp/preview/lecture/reading-documents","url":"/course/nodejs-express-mongodb-bootcamp/learn/lecture/reading-documents","video":""},{"title":"Updating Documents","duration":"10m 51sec","resourses":[],"preview":"/course/nodejs-express-mongodb-bootcamp/preview/lecture/updating-documents","url":"/course/nodejs-express-mongodb-bootcamp/learn/lecture/updating-documents","video":""},{"title":"Deleting Documents","duration":"04m 09sec","resourses":[],"preview":"/course/nodejs-express-mongodb-bootcamp/preview/lecture/deleting-documents","url":"/course/nodejs-express-mongodb-bootcamp/learn/lecture/deleting-documents","video":""},{"title":"Modelling the Tours","duration":"18m 13sec","resourses":[],"preview":"/course/nodejs-express-mongodb-bootcamp/preview/lecture/modelling-the-tours","url":"/course/nodejs-express-mongodb-bootcamp/learn/lecture/modelling-the-tours","video":""},{"title":"Importing Development Data","duration":"15m 40sec","resourses":[],"preview":"/course/nodejs-express-mongodb-bootcamp/preview/lecture/importing-development-data","url":"/course/nodejs-express-mongodb-bootcamp/learn/lecture/importing-development-data","video":""},{"title":"Making the API Better: Filtering","duration":"18m 45sec","resourses":[],"preview":"/course/nodejs-express-mongodb-bootcamp/preview/lecture/making-the-api-better:-filtering","url":"/course/nodejs-express-mongodb-bootcamp/learn/lecture/making-the-api-better:-filtering","video":""},{"title":"Making the API Better: Advanced Filtering","duration":"12m 04sec","resourses":[],"preview":"/course/nodejs-express-mongodb-bootcamp/preview/lecture/making-the-api-better:-advanced-filtering","url":"/course/nodejs-express-mongodb-bootcamp/learn/lecture/making-the-api-better:-advanced-filtering","video":""},{"title":"Making the API Better: Sorting","duration":"10m 59sec","resourses":[],"preview":"/course/nodejs-express-mongodb-bootcamp/preview/lecture/making-the-api-better:-sorting","url":"/course/nodejs-express-mongodb-bootcamp/learn/lecture/making-the-api-better:-sorting","video":""},{"title":"Making the API Better: Limiting Fields","duration":"06m 18sec","resourses":[],"preview":"/course/nodejs-express-mongodb-bootcamp/preview/lecture/making-the-api-better:-limiting-fields","url":"/course/nodejs-express-mongodb-bootcamp/learn/lecture/making-the-api-better:-limiting-fields","video":""},{"title":"Making the API Better: Pagination","duration":"14m 59sec","resourses":[],"preview":"/course/nodejs-express-mongodb-bootcamp/preview/lecture/making-the-api-better:-pagination","url":"/course/nodejs-express-mongodb-bootcamp/learn/lecture/making-the-api-better:-pagination","video":""},{"title":"Making the API Better: Aliasing","duration":"08m 56sec","resourses":[],"preview":"/course/nodejs-express-mongodb-bootcamp/preview/lecture/making-the-api-better:-aliasing","url":"/course/nodejs-express-mongodb-bootcamp/learn/lecture/making-the-api-better:-aliasing","video":""},{"title":"Refactoring API Features","duration":"15m 38sec","resourses":[],"preview":"/course/nodejs-express-mongodb-bootcamp/preview/lecture/refactoring-api-features","url":"/course/nodejs-express-mongodb-bootcamp/learn/lecture/refactoring-api-features","video":""},{"title":"Aggregation Pipeline: Matching and Grouping","duration":"20m 37sec","resourses":[],"preview":"/course/nodejs-express-mongodb-bootcamp/preview/lecture/aggregation-pipeline:-matching-and-grouping","url":"/course/nodejs-express-mongodb-bootcamp/learn/lecture/aggregation-pipeline:-matching-and-grouping","video":""},{"title":"Aggregation Pipeline: Unwinding and Projecting","duration":"19m 28sec","resourses":[],"preview":"/course/nodejs-express-mongodb-bootcamp/preview/lecture/aggregation-pipeline:-unwinding-and-projecting","url":"/course/nodejs-express-mongodb-bootcamp/learn/lecture/aggregation-pipeline:-unwinding-and-projecting","video":""},{"title":"Virtual Properties","duration":"06m 23sec","resourses":[],"preview":"/course/nodejs-express-mongodb-bootcamp/preview/lecture/virtual-properties","url":"/course/nodejs-express-mongodb-bootcamp/learn/lecture/virtual-properties","video":""},{"title":"Document Middleware","duration":"14m 29sec","resourses":[],"preview":"/course/nodejs-express-mongodb-bootcamp/preview/lecture/document-middleware","url":"/course/nodejs-express-mongodb-bootcamp/learn/lecture/document-middleware","video":""},{"title":"Query Middleware","duration":"13m 54sec","resourses":[],"preview":"/course/nodejs-express-mongodb-bootcamp/preview/lecture/query-middleware","url":"/course/nodejs-express-mongodb-bootcamp/learn/lecture/query-middleware","video":""},{"title":"Aggregation Middleware","duration":"07m 42sec","resourses":[],"preview":"/course/nodejs-express-mongodb-bootcamp/preview/lecture/aggregation-middleware","url":"/course/nodejs-express-mongodb-bootcamp/learn/lecture/aggregation-middleware","video":""},{"title":"Data Validation: Built-In Validators","duration":"10m 06sec","resourses":[],"preview":"/course/nodejs-express-mongodb-bootcamp/preview/lecture/data-validation:-built-in-validators","url":"/course/nodejs-express-mongodb-bootcamp/learn/lecture/data-validation:-built-in-validators","video":""},{"title":"Data Validation: Custom Validators","duration":"14m 02sec","resourses":[],"preview":"/course/nodejs-express-mongodb-bootcamp/preview/lecture/data-validation:-custom-validators","url":"/course/nodejs-express-mongodb-bootcamp/learn/lecture/data-validation:-custom-validators","video":""}]},{"title":"Error Handling with Express","total":14,"duration":"02h 09m","lessons":[{"title":"Section Intro","duration":"41sec","resourses":[],"preview":"/course/nodejs-express-mongodb-bootcamp/preview/lecture/section-intro","url":"/course/nodejs-express-mongodb-bootcamp/learn/lecture/section-intro","video":""},{"title":"Debugging Node.js with ndb","duration":"20m 29sec","resourses":[],"preview":"/course/nodejs-express-mongodb-bootcamp/preview/lecture/debugging-node.js-with-ndb","url":"/course/nodejs-express-mongodb-bootcamp/learn/lecture/debugging-node.js-with-ndb","video":""},{"title":"Handling Unhandled Routes","duration":"07m 50sec","resourses":[],"preview":"/course/nodejs-express-mongodb-bootcamp/preview/lecture/handling-unhandled-routes","url":"/course/nodejs-express-mongodb-bootcamp/learn/lecture/handling-unhandled-routes","video":""},{"title":"An Overview of Error Handling","duration":"03m 36sec","resourses":[],"preview":"/course/nodejs-express-mongodb-bootcamp/preview/lecture/an-overview-of-error-handling","url":"/course/nodejs-express-mongodb-bootcamp/learn/lecture/an-overview-of-error-handling","video":""},{"title":"Implementing a Global Error Handling Middleware","duration":"08m 59sec","resourses":[],"preview":"/course/nodejs-express-mongodb-bootcamp/preview/lecture/implementing-a-global-error-handling-middleware","url":"/course/nodejs-express-mongodb-bootcamp/learn/lecture/implementing-a-global-error-handling-middleware","video":""},{"title":"Better Errors and Refactoring","duration":"11m 12sec","resourses":[],"preview":"/course/nodejs-express-mongodb-bootcamp/preview/lecture/better-errors-and-refactoring","url":"/course/nodejs-express-mongodb-bootcamp/learn/lecture/better-errors-and-refactoring","video":""},{"title":"Catching Errors in Async Functions","duration":"14m 53sec","resourses":[],"preview":"/course/nodejs-express-mongodb-bootcamp/preview/lecture/catching-errors-in-async-functions","url":"/course/nodejs-express-mongodb-bootcamp/learn/lecture/catching-errors-in-async-functions","video":""},{"title":"Adding 404 Not Found Errors","duration":"09m 06sec","resourses":[],"preview":"/course/nodejs-express-mongodb-bootcamp/preview/lecture/adding-404-not-found-errors","url":"/course/nodejs-express-mongodb-bootcamp/learn/lecture/adding-404-not-found-errors","video":""},{"title":"Errors During Development vs Production","duration":"10m 30sec","resourses":[],"preview":"/course/nodejs-express-mongodb-bootcamp/preview/lecture/errors-during-development-vs-production","url":"/course/nodejs-express-mongodb-bootcamp/learn/lecture/errors-during-development-vs-production","video":""},{"title":"Handling Invalid Database IDs","duration":"09m 42sec","resourses":[],"preview":"/course/nodejs-express-mongodb-bootcamp/preview/lecture/handling-invalid-database-ids","url":"/course/nodejs-express-mongodb-bootcamp/learn/lecture/handling-invalid-database-ids","video":""},{"title":"Handling Duplicate Database Fields","duration":"06m 04sec","resourses":[],"preview":"/course/nodejs-express-mongodb-bootcamp/preview/lecture/handling-duplicate-database-fields","url":"/course/nodejs-express-mongodb-bootcamp/learn/lecture/handling-duplicate-database-fields","video":""},{"title":"Handling Mongoose Validation Errors","duration":"08m 24sec","resourses":[],"preview":"/course/nodejs-express-mongodb-bootcamp/preview/lecture/handling-mongoose-validation-errors","url":"/course/nodejs-express-mongodb-bootcamp/learn/lecture/handling-mongoose-validation-errors","video":""},{"title":"Errors Outside Express: Unhandled Rejections","duration":"08m 49sec","resourses":[],"preview":"/course/nodejs-express-mongodb-bootcamp/preview/lecture/errors-outside-express:-unhandled-rejections","url":"/course/nodejs-express-mongodb-bootcamp/learn/lecture/errors-outside-express:-unhandled-rejections","video":""},{"title":"Catching Uncaught Exceptions","duration":"09m 16sec","resourses":[],"preview":"/course/nodejs-express-mongodb-bootcamp/preview/lecture/catching-uncaught-exceptions","url":"/course/nodejs-express-mongodb-bootcamp/learn/lecture/catching-uncaught-exceptions","video":""}]},{"title":"Authentication, Authorization and Security","total":23,"duration":"05h 28m","lessons":[{"title":"Section Intro","duration":"58sec","resourses":[],"preview":"/course/nodejs-express-mongodb-bootcamp/preview/lecture/section-intro","url":"/course/nodejs-express-mongodb-bootcamp/learn/lecture/section-intro","video":""},{"title":"Modelling Users","duration":"10m 00sec","resourses":[],"preview":"/course/nodejs-express-mongodb-bootcamp/preview/lecture/modelling-users","url":"/course/nodejs-express-mongodb-bootcamp/learn/lecture/modelling-users","video":""},{"title":"Creating New Users","duration":"11m 19sec","resourses":[],"preview":"/course/nodejs-express-mongodb-bootcamp/preview/lecture/creating-new-users","url":"/course/nodejs-express-mongodb-bootcamp/learn/lecture/creating-new-users","video":""},{"title":"Managing Passwords","duration":"18m 24sec","resourses":[],"preview":"/course/nodejs-express-mongodb-bootcamp/preview/lecture/managing-passwords","url":"/course/nodejs-express-mongodb-bootcamp/learn/lecture/managing-passwords","video":""},{"title":"How Authentication with JWT Works","duration":"08m 46sec","resourses":[],"preview":"/course/nodejs-express-mongodb-bootcamp/preview/lecture/how-authentication-with-jwt-works","url":"/course/nodejs-express-mongodb-bootcamp/learn/lecture/how-authentication-with-jwt-works","video":""},{"title":"Signing up Users","duration":"16m 01sec","resourses":[],"preview":"/course/nodejs-express-mongodb-bootcamp/preview/lecture/signing-up-users","url":"/course/nodejs-express-mongodb-bootcamp/learn/lecture/signing-up-users","video":""},{"title":"Logging in Users","duration":"26m 35sec","resourses":[],"preview":"/course/nodejs-express-mongodb-bootcamp/preview/lecture/logging-in-users","url":"/course/nodejs-express-mongodb-bootcamp/learn/lecture/logging-in-users","video":""},{"title":"Protecting Tour Routes - Part 1","duration":"14m 57sec","resourses":[],"preview":"/course/nodejs-express-mongodb-bootcamp/preview/lecture/protecting-tour-routes-part-1","url":"/course/nodejs-express-mongodb-bootcamp/learn/lecture/protecting-tour-routes-part-1","video":""},{"title":"Protecting Tour Routes - Part 2","duration":"35m 14sec","resourses":[],"preview":"/course/nodejs-express-mongodb-bootcamp/preview/lecture/protecting-tour-routes-part-2","url":"/course/nodejs-express-mongodb-bootcamp/learn/lecture/protecting-tour-routes-part-2","video":""},{"title":"Advanced Postman Setup","duration":"11m 35sec","resourses":[],"preview":"/course/nodejs-express-mongodb-bootcamp/preview/lecture/advanced-postman-setup","url":"/course/nodejs-express-mongodb-bootcamp/learn/lecture/advanced-postman-setup","video":""},{"title":"Authorization: User Roles and Permissions","duration":"15m 54sec","resourses":[],"preview":"/course/nodejs-express-mongodb-bootcamp/preview/lecture/authorization:-user-roles-and-permissions","url":"/course/nodejs-express-mongodb-bootcamp/learn/lecture/authorization:-user-roles-and-permissions","video":""},{"title":"Password Reset Functionality: Reset Token","duration":"17m 03sec","resourses":[],"preview":"/course/nodejs-express-mongodb-bootcamp/preview/lecture/password-reset-functionality:-reset-token","url":"/course/nodejs-express-mongodb-bootcamp/learn/lecture/password-reset-functionality:-reset-token","video":""},{"title":"Sending Emails with Nodemailer","duration":"23m 04sec","resourses":[],"preview":"/course/nodejs-express-mongodb-bootcamp/preview/lecture/sending-emails-with-nodemailer","url":"/course/nodejs-express-mongodb-bootcamp/learn/lecture/sending-emails-with-nodemailer","video":""},{"title":"Password Reset Functionality: Setting New Password","duration":"21m 33sec","resourses":[],"preview":"/course/nodejs-express-mongodb-bootcamp/preview/lecture/password-reset-functionality:-setting-new-password","url":"/course/nodejs-express-mongodb-bootcamp/learn/lecture/password-reset-functionality:-setting-new-password","video":""},{"title":"Updating the Current User: Password","duration":"16m 36sec","resourses":[],"preview":"/course/nodejs-express-mongodb-bootcamp/preview/lecture/updating-the-current-user:-password","url":"/course/nodejs-express-mongodb-bootcamp/learn/lecture/updating-the-current-user:-password","video":""},{"title":"Updating the Current User: Data","duration":"20m 11sec","resourses":[],"preview":"/course/nodejs-express-mongodb-bootcamp/preview/lecture/updating-the-current-user:-data","url":"/course/nodejs-express-mongodb-bootcamp/learn/lecture/updating-the-current-user:-data","video":""},{"title":"Deleting the Current User","duration":"10m 28sec","resourses":[],"preview":"/course/nodejs-express-mongodb-bootcamp/preview/lecture/deleting-the-current-user","url":"/course/nodejs-express-mongodb-bootcamp/learn/lecture/deleting-the-current-user","video":""},{"title":"Security Best Practices","duration":"10m 13sec","resourses":[],"preview":"/course/nodejs-express-mongodb-bootcamp/preview/lecture/security-best-practices","url":"/course/nodejs-express-mongodb-bootcamp/learn/lecture/security-best-practices","video":""},{"title":"Sending JWT via Cookie","duration":"09m 46sec","resourses":[],"preview":"/course/nodejs-express-mongodb-bootcamp/preview/lecture/sending-jwt-via-cookie","url":"/course/nodejs-express-mongodb-bootcamp/learn/lecture/sending-jwt-via-cookie","video":""},{"title":"Implementing Rate Limiting","duration":"07m 04sec","resourses":[],"preview":"/course/nodejs-express-mongodb-bootcamp/preview/lecture/implementing-rate-limiting","url":"/course/nodejs-express-mongodb-bootcamp/learn/lecture/implementing-rate-limiting","video":""},{"title":"Setting Security HTTP Headers","duration":"05m 19sec","resourses":[],"preview":"/course/nodejs-express-mongodb-bootcamp/preview/lecture/setting-security-http-headers","url":"/course/nodejs-express-mongodb-bootcamp/learn/lecture/setting-security-http-headers","video":""},{"title":"Data Sanitization","duration":"09m 15sec","resourses":[],"preview":"/course/nodejs-express-mongodb-bootcamp/preview/lecture/data-sanitization","url":"/course/nodejs-express-mongodb-bootcamp/learn/lecture/data-sanitization","video":""},{"title":"Preventing Parameter Pollution","duration":"08m 20sec","resourses":[],"preview":"/course/nodejs-express-mongodb-bootcamp/preview/lecture/preventing-parameter-pollution","url":"/course/nodejs-express-mongodb-bootcamp/learn/lecture/preventing-parameter-pollution","video":""}]},{"title":"Modelling Data and Advanced Mongoose","total":27,"duration":"05h 32m","lessons":[{"title":"Section Intro","duration":"01m 02sec","resourses":[],"preview":"/course/nodejs-express-mongodb-bootcamp/preview/lecture/section-intro","url":"/course/nodejs-express-mongodb-bootcamp/learn/lecture/section-intro","video":""},{"title":"MongoDB Data Modelling","duration":"24m 39sec","resourses":[],"preview":"/course/nodejs-express-mongodb-bootcamp/preview/lecture/mongodb-data-modelling","url":"/course/nodejs-express-mongodb-bootcamp/learn/lecture/mongodb-data-modelling","video":""},{"title":"Designing Our Data Model","duration":"10m 57sec","resourses":[],"preview":"/course/nodejs-express-mongodb-bootcamp/preview/lecture/designing-our-data-model","url":"/course/nodejs-express-mongodb-bootcamp/learn/lecture/designing-our-data-model","video":""},{"title":"Modelling Locations (Geospatial Data)","duration":"12m 25sec","resourses":[],"preview":"/course/nodejs-express-mongodb-bootcamp/preview/lecture/modelling-locations-(geospatial-data)","url":"/course/nodejs-express-mongodb-bootcamp/learn/lecture/modelling-locations-(geospatial-data)","video":""},{"title":"Modelling Tour Guides: Embedding","duration":"07m 48sec","resourses":[],"preview":"/course/nodejs-express-mongodb-bootcamp/preview/lecture/modelling-tour-guides:-embedding","url":"/course/nodejs-express-mongodb-bootcamp/learn/lecture/modelling-tour-guides:-embedding","video":""},{"title":"Modelling Tour Guides: Child Referencing","duration":"04m 56sec","resourses":[],"preview":"/course/nodejs-express-mongodb-bootcamp/preview/lecture/modelling-tour-guides:-child-referencing","url":"/course/nodejs-express-mongodb-bootcamp/learn/lecture/modelling-tour-guides:-child-referencing","video":""},{"title":"Populating Tour Guides","duration":"10m 42sec","resourses":[],"preview":"/course/nodejs-express-mongodb-bootcamp/preview/lecture/populating-tour-guides","url":"/course/nodejs-express-mongodb-bootcamp/learn/lecture/populating-tour-guides","video":""},{"title":"Modelling Reviews: Parent Referencing","duration":"08m 30sec","resourses":[],"preview":"/course/nodejs-express-mongodb-bootcamp/preview/lecture/modelling-reviews:-parent-referencing","url":"/course/nodejs-express-mongodb-bootcamp/learn/lecture/modelling-reviews:-parent-referencing","video":""},{"title":"Creating and Getting Reviews","duration":"17m 03sec","resourses":[],"preview":"/course/nodejs-express-mongodb-bootcamp/preview/lecture/creating-and-getting-reviews","url":"/course/nodejs-express-mongodb-bootcamp/learn/lecture/creating-and-getting-reviews","video":""},{"title":"Populating Reviews","duration":"06m 06sec","resourses":[],"preview":"/course/nodejs-express-mongodb-bootcamp/preview/lecture/populating-reviews","url":"/course/nodejs-express-mongodb-bootcamp/learn/lecture/populating-reviews","video":""},{"title":"Virtual Populate: Tours and Reviews","duration":"12m 02sec","resourses":[],"preview":"/course/nodejs-express-mongodb-bootcamp/preview/lecture/virtual-populate:-tours-and-reviews","url":"/course/nodejs-express-mongodb-bootcamp/learn/lecture/virtual-populate:-tours-and-reviews","video":""},{"title":"Implementing Simple Nested Routes","duration":"13m 29sec","resourses":[],"preview":"/course/nodejs-express-mongodb-bootcamp/preview/lecture/implementing-simple-nested-routes","url":"/course/nodejs-express-mongodb-bootcamp/learn/lecture/implementing-simple-nested-routes","video":""},{"title":"Nested Routes with Express","duration":"08m 00sec","resourses":[],"preview":"/course/nodejs-express-mongodb-bootcamp/preview/lecture/nested-routes-with-express","url":"/course/nodejs-express-mongodb-bootcamp/learn/lecture/nested-routes-with-express","video":""},{"title":"Adding a Nested GET Endpoint","duration":"05m 06sec","resourses":[],"preview":"/course/nodejs-express-mongodb-bootcamp/preview/lecture/adding-a-nested-get-endpoint","url":"/course/nodejs-express-mongodb-bootcamp/learn/lecture/adding-a-nested-get-endpoint","video":""},{"title":"Building Handler Factory Functions: Delete","duration":"14m 21sec","resourses":[],"preview":"/course/nodejs-express-mongodb-bootcamp/preview/lecture/building-handler-factory-functions:-delete","url":"/course/nodejs-express-mongodb-bootcamp/learn/lecture/building-handler-factory-functions:-delete","video":""},{"title":"Factory Functions: Update and Create","duration":"13m 22sec","resourses":[],"preview":"/course/nodejs-express-mongodb-bootcamp/preview/lecture/factory-functions:-update-and-create","url":"/course/nodejs-express-mongodb-bootcamp/learn/lecture/factory-functions:-update-and-create","video":""},{"title":"Factory Functions: Reading","duration":"14m 41sec","resourses":[],"preview":"/course/nodejs-express-mongodb-bootcamp/preview/lecture/factory-functions:-reading","url":"/course/nodejs-express-mongodb-bootcamp/learn/lecture/factory-functions:-reading","video":""},{"title":"Adding a /me Endpoint","duration":"04m 42sec","resourses":[],"preview":"/course/nodejs-express-mongodb-bootcamp/preview/lecture/adding-a-me-endpoint","url":"/course/nodejs-express-mongodb-bootcamp/learn/lecture/adding-a-me-endpoint","video":""},{"title":"Adding Missing Authentication and Authorization","duration":"14m 44sec","resourses":[],"preview":"/course/nodejs-express-mongodb-bootcamp/preview/lecture/adding-missing-authentication-and-authorization","url":"/course/nodejs-express-mongodb-bootcamp/learn/lecture/adding-missing-authentication-and-authorization","video":""},{"title":"Importing Review and User Data","duration":"07m 26sec","resourses":[],"preview":"/course/nodejs-express-mongodb-bootcamp/preview/lecture/importing-review-and-user-data","url":"/course/nodejs-express-mongodb-bootcamp/learn/lecture/importing-review-and-user-data","video":""},{"title":"Improving Read Performance with Indexes","duration":"16m 11sec","resourses":[],"preview":"/course/nodejs-express-mongodb-bootcamp/preview/lecture/improving-read-performance-with-indexes","url":"/course/nodejs-express-mongodb-bootcamp/learn/lecture/improving-read-performance-with-indexes","video":""},{"title":"Calculating Average Rating on Tours - Part 1","duration":"22m 25sec","resourses":[],"preview":"/course/nodejs-express-mongodb-bootcamp/preview/lecture/calculating-average-rating-on-tours-part-1","url":"/course/nodejs-express-mongodb-bootcamp/learn/lecture/calculating-average-rating-on-tours-part-1","video":""},{"title":"Calculating Average Rating on Tours - Part 2","duration":"15m 56sec","resourses":[],"preview":"/course/nodejs-express-mongodb-bootcamp/preview/lecture/calculating-average-rating-on-tours-part-2","url":"/course/nodejs-express-mongodb-bootcamp/learn/lecture/calculating-average-rating-on-tours-part-2","video":""},{"title":"Preventing Duplicate Reviews","duration":"09m 29sec","resourses":[],"preview":"/course/nodejs-express-mongodb-bootcamp/preview/lecture/preventing-duplicate-reviews","url":"/course/nodejs-express-mongodb-bootcamp/learn/lecture/preventing-duplicate-reviews","video":""},{"title":"Geospatial Queries: Finding Tours Within Radius","duration":"29m 52sec","resourses":[],"preview":"/course/nodejs-express-mongodb-bootcamp/preview/lecture/geospatial-queries:-finding-tours-within-radius","url":"/course/nodejs-express-mongodb-bootcamp/learn/lecture/geospatial-queries:-finding-tours-within-radius","video":""},{"title":"Geospatial Aggregation: Calculating Distances","duration":"16m 28sec","resourses":[],"preview":"/course/nodejs-express-mongodb-bootcamp/preview/lecture/geospatial-aggregation:-calculating-distances","url":"/course/nodejs-express-mongodb-bootcamp/learn/lecture/geospatial-aggregation:-calculating-distances","video":""},{"title":"Creating API Documentation Using Postman","duration":"10m 37sec","resourses":[],"preview":"/course/nodejs-express-mongodb-bootcamp/preview/lecture/creating-api-documentation-using-postman","url":"/course/nodejs-express-mongodb-bootcamp/learn/lecture/creating-api-documentation-using-postman","video":""}]},{"title":"Server-Side Rendering with Pug Templates","total":24,"duration":"05h 50m","lessons":[{"title":"Section Intro","duration":"56sec","resourses":[],"preview":"/course/nodejs-express-mongodb-bootcamp/preview/lecture/section-intro","url":"/course/nodejs-express-mongodb-bootcamp/learn/lecture/section-intro","video":""},{"title":"Recap: Server-Side vs Client-Side Rendering","duration":"05m 16sec","resourses":[],"preview":"/course/nodejs-express-mongodb-bootcamp/preview/lecture/recap:-server-side-vs-client-side-rendering","url":"/course/nodejs-express-mongodb-bootcamp/learn/lecture/recap:-server-side-vs-client-side-rendering","video":""},{"title":"Setting up Pug in Express","duration":"10m 07sec","resourses":[],"preview":"/course/nodejs-express-mongodb-bootcamp/preview/lecture/setting-up-pug-in-express","url":"/course/nodejs-express-mongodb-bootcamp/learn/lecture/setting-up-pug-in-express","video":""},{"title":"First Steps with Pug","duration":"14m 37sec","resourses":[],"preview":"/course/nodejs-express-mongodb-bootcamp/preview/lecture/first-steps-with-pug","url":"/course/nodejs-express-mongodb-bootcamp/learn/lecture/first-steps-with-pug","video":""},{"title":"Creating Our Base Template","duration":"15m 24sec","resourses":[],"preview":"/course/nodejs-express-mongodb-bootcamp/preview/lecture/creating-our-base-template","url":"/course/nodejs-express-mongodb-bootcamp/learn/lecture/creating-our-base-template","video":""},{"title":"Including Files into Pug Templates","duration":"04m 45sec","resourses":[],"preview":"/course/nodejs-express-mongodb-bootcamp/preview/lecture/including-files-into-pug-templates","url":"/course/nodejs-express-mongodb-bootcamp/learn/lecture/including-files-into-pug-templates","video":""},{"title":"Extending Our Base Template with Blocks","duration":"10m 06sec","resourses":[],"preview":"/course/nodejs-express-mongodb-bootcamp/preview/lecture/extending-our-base-template-with-blocks","url":"/course/nodejs-express-mongodb-bootcamp/learn/lecture/extending-our-base-template-with-blocks","video":""},{"title":"Setting up the Project Structure","duration":"05m 57sec","resourses":[],"preview":"/course/nodejs-express-mongodb-bootcamp/preview/lecture/setting-up-the-project-structure","url":"/course/nodejs-express-mongodb-bootcamp/learn/lecture/setting-up-the-project-structure","video":""},{"title":"Building the Tour Overview - Part 1","duration":"11m 37sec","resourses":[],"preview":"/course/nodejs-express-mongodb-bootcamp/preview/lecture/building-the-tour-overview-part-1","url":"/course/nodejs-express-mongodb-bootcamp/learn/lecture/building-the-tour-overview-part-1","video":""},{"title":"Building the Tour Overview - Part 2","duration":"15m 52sec","resourses":[],"preview":"/course/nodejs-express-mongodb-bootcamp/preview/lecture/building-the-tour-overview-part-2","url":"/course/nodejs-express-mongodb-bootcamp/learn/lecture/building-the-tour-overview-part-2","video":""},{"title":"Building the Tour Page - Part 1","duration":"20m 28sec","resourses":[],"preview":"/course/nodejs-express-mongodb-bootcamp/preview/lecture/building-the-tour-page-part-1","url":"/course/nodejs-express-mongodb-bootcamp/learn/lecture/building-the-tour-page-part-1","video":""},{"title":"Building the Tour Page - Part 2","duration":"25m 49sec","resourses":[],"preview":"/course/nodejs-express-mongodb-bootcamp/preview/lecture/building-the-tour-page-part-2","url":"/course/nodejs-express-mongodb-bootcamp/learn/lecture/building-the-tour-page-part-2","video":""},{"title":"Including a Map with Mapbox - Part 1","duration":"11m 33sec","resourses":[],"preview":"/course/nodejs-express-mongodb-bootcamp/preview/lecture/including-a-map-with-mapbox-part-1","url":"/course/nodejs-express-mongodb-bootcamp/learn/lecture/including-a-map-with-mapbox-part-1","video":""},{"title":"Including a Map with Mapbox - Part 2","duration":"27m 51sec","resourses":[],"preview":"/course/nodejs-express-mongodb-bootcamp/preview/lecture/including-a-map-with-mapbox-part-2","url":"/course/nodejs-express-mongodb-bootcamp/learn/lecture/including-a-map-with-mapbox-part-2","video":""},{"title":"Building the Login Screen","duration":"06m 30sec","resourses":[],"preview":"/course/nodejs-express-mongodb-bootcamp/preview/lecture/building-the-login-screen","url":"/course/nodejs-express-mongodb-bootcamp/learn/lecture/building-the-login-screen","video":""},{"title":"Logging in Users with Our API - Part 1","duration":"20m 53sec","resourses":[],"preview":"/course/nodejs-express-mongodb-bootcamp/preview/lecture/logging-in-users-with-our-api-part-1","url":"/course/nodejs-express-mongodb-bootcamp/learn/lecture/logging-in-users-with-our-api-part-1","video":""},{"title":"Logging in Users with Our API - Part 2","duration":"18m 39sec","resourses":[],"preview":"/course/nodejs-express-mongodb-bootcamp/preview/lecture/logging-in-users-with-our-api-part-2","url":"/course/nodejs-express-mongodb-bootcamp/learn/lecture/logging-in-users-with-our-api-part-2","video":""},{"title":"Logging in Users with Our API - Part 3","duration":"28m 15sec","resourses":[],"preview":"/course/nodejs-express-mongodb-bootcamp/preview/lecture/logging-in-users-with-our-api-part-3","url":"/course/nodejs-express-mongodb-bootcamp/learn/lecture/logging-in-users-with-our-api-part-3","video":""},{"title":"Logging out Users","duration":"13m 56sec","resourses":[],"preview":"/course/nodejs-express-mongodb-bootcamp/preview/lecture/logging-out-users","url":"/course/nodejs-express-mongodb-bootcamp/learn/lecture/logging-out-users","video":""},{"title":"Rendering Error Pages","duration":"21m 45sec","resourses":[],"preview":"/course/nodejs-express-mongodb-bootcamp/preview/lecture/rendering-error-pages","url":"/course/nodejs-express-mongodb-bootcamp/learn/lecture/rendering-error-pages","video":""},{"title":"Building the User Account Page","duration":"16m 05sec","resourses":[],"preview":"/course/nodejs-express-mongodb-bootcamp/preview/lecture/building-the-user-account-page","url":"/course/nodejs-express-mongodb-bootcamp/learn/lecture/building-the-user-account-page","video":""},{"title":"Updating User Data","duration":"17m 07sec","resourses":[],"preview":"/course/nodejs-express-mongodb-bootcamp/preview/lecture/updating-user-data","url":"/course/nodejs-express-mongodb-bootcamp/learn/lecture/updating-user-data","video":""},{"title":"Updating User Data with Our API","duration":"12m 34sec","resourses":[],"preview":"/course/nodejs-express-mongodb-bootcamp/preview/lecture/updating-user-data-with-our-api","url":"/course/nodejs-express-mongodb-bootcamp/learn/lecture/updating-user-data-with-our-api","video":""},{"title":"Updating User Password with Our API","duration":"14m 41sec","resourses":[],"preview":"/course/nodejs-express-mongodb-bootcamp/preview/lecture/updating-user-password-with-our-api","url":"/course/nodejs-express-mongodb-bootcamp/learn/lecture/updating-user-password-with-our-api","video":""}]},{"title":"Advanced Features: Payments, Email, File Uploads","total":20,"duration":"04h 04m","lessons":[{"title":"Section Intro","duration":"32sec","resourses":[],"preview":"/course/nodejs-express-mongodb-bootcamp/preview/lecture/section-intro","url":"/course/nodejs-express-mongodb-bootcamp/learn/lecture/section-intro","video":""},{"title":"Image Uploads Using Multer: Users","duration":"10m 12sec","resourses":[],"preview":"/course/nodejs-express-mongodb-bootcamp/preview/lecture/image-uploads-using-multer:-users","url":"/course/nodejs-express-mongodb-bootcamp/learn/lecture/image-uploads-using-multer:-users","video":""},{"title":"Configuring Multer","duration":"13m 45sec","resourses":[],"preview":"/course/nodejs-express-mongodb-bootcamp/preview/lecture/configuring-multer","url":"/course/nodejs-express-mongodb-bootcamp/learn/lecture/configuring-multer","video":""},{"title":"Saving Image Name to Database","duration":"05m 32sec","resourses":[],"preview":"/course/nodejs-express-mongodb-bootcamp/preview/lecture/saving-image-name-to-database","url":"/course/nodejs-express-mongodb-bootcamp/learn/lecture/saving-image-name-to-database","video":""},{"title":"Resizing Images","duration":"13m 19sec","resourses":[],"preview":"/course/nodejs-express-mongodb-bootcamp/preview/lecture/resizing-images","url":"/course/nodejs-express-mongodb-bootcamp/learn/lecture/resizing-images","video":""},{"title":"Adding Image Uploads to Form","duration":"11m 33sec","resourses":[],"preview":"/course/nodejs-express-mongodb-bootcamp/preview/lecture/adding-image-uploads-to-form","url":"/course/nodejs-express-mongodb-bootcamp/learn/lecture/adding-image-uploads-to-form","video":""},{"title":"Uploading Multiple Images: Tours","duration":"12m 02sec","resourses":[],"preview":"/course/nodejs-express-mongodb-bootcamp/preview/lecture/uploading-multiple-images:-tours","url":"/course/nodejs-express-mongodb-bootcamp/learn/lecture/uploading-multiple-images:-tours","video":""},{"title":"Processing Multiple Images","duration":"18m 11sec","resourses":[],"preview":"/course/nodejs-express-mongodb-bootcamp/preview/lecture/processing-multiple-images","url":"/course/nodejs-express-mongodb-bootcamp/learn/lecture/processing-multiple-images","video":""},{"title":"Building a Complex Email Handler","duration":"19m 57sec","resourses":[],"preview":"/course/nodejs-express-mongodb-bootcamp/preview/lecture/building-a-complex-email-handler","url":"/course/nodejs-express-mongodb-bootcamp/learn/lecture/building-a-complex-email-handler","video":""},{"title":"Email Templates with Pug: Welcome Emails","duration":"15m 08sec","resourses":[],"preview":"/course/nodejs-express-mongodb-bootcamp/preview/lecture/email-templates-with-pug:-welcome-emails","url":"/course/nodejs-express-mongodb-bootcamp/learn/lecture/email-templates-with-pug:-welcome-emails","video":""},{"title":"Sending Password Reset Emails","duration":"07m 07sec","resourses":[],"preview":"/course/nodejs-express-mongodb-bootcamp/preview/lecture/sending-password-reset-emails","url":"/course/nodejs-express-mongodb-bootcamp/learn/lecture/sending-password-reset-emails","video":""},{"title":"Using Sendgrid for \"Real\" Emails","duration":"09m 32sec","resourses":[],"preview":"/course/nodejs-express-mongodb-bootcamp/preview/lecture/using-sendgrid-for-\"real\"-emails","url":"/course/nodejs-express-mongodb-bootcamp/learn/lecture/using-sendgrid-for-\"real\"-emails","video":""},{"title":"Credit Card Payments with Stripe","duration":"10m 08sec","resourses":[],"preview":"/course/nodejs-express-mongodb-bootcamp/preview/lecture/credit-card-payments-with-stripe","url":"/course/nodejs-express-mongodb-bootcamp/learn/lecture/credit-card-payments-with-stripe","video":""},{"title":"Integrating Stripe into the Back-End","duration":"22m 34sec","resourses":[],"preview":"/course/nodejs-express-mongodb-bootcamp/preview/lecture/integrating-stripe-into-the-back-end","url":"/course/nodejs-express-mongodb-bootcamp/learn/lecture/integrating-stripe-into-the-back-end","video":""},{"title":"Processing Payments on the Front-End","duration":"23m 04sec","resourses":[],"preview":"/course/nodejs-express-mongodb-bootcamp/preview/lecture/processing-payments-on-the-front-end","url":"/course/nodejs-express-mongodb-bootcamp/learn/lecture/processing-payments-on-the-front-end","video":""},{"title":"Modelling the Bookings","duration":"06m 23sec","resourses":[],"preview":"/course/nodejs-express-mongodb-bootcamp/preview/lecture/modelling-the-bookings","url":"/course/nodejs-express-mongodb-bootcamp/learn/lecture/modelling-the-bookings","video":""},{"title":"Creating New Bookings on Checkout Success","duration":"19m 07sec","resourses":[],"preview":"/course/nodejs-express-mongodb-bootcamp/preview/lecture/creating-new-bookings-on-checkout-success","url":"/course/nodejs-express-mongodb-bootcamp/learn/lecture/creating-new-bookings-on-checkout-success","video":""},{"title":"Rendering a User's Booked Tours","duration":"11m 16sec","resourses":[],"preview":"/course/nodejs-express-mongodb-bootcamp/preview/lecture/rendering-a-user's-booked-tours","url":"/course/nodejs-express-mongodb-bootcamp/learn/lecture/rendering-a-user's-booked-tours","video":""},{"title":"Finishing the Bookings API","duration":"07m 12sec","resourses":[],"preview":"/course/nodejs-express-mongodb-bootcamp/preview/lecture/finishing-the-bookings-api","url":"/course/nodejs-express-mongodb-bootcamp/learn/lecture/finishing-the-bookings-api","video":""},{"title":"Final Considerations","duration":"07m 28sec","resourses":[],"preview":"/course/nodejs-express-mongodb-bootcamp/preview/lecture/final-considerations","url":"/course/nodejs-express-mongodb-bootcamp/learn/lecture/final-considerations","video":""}]},{"title":"Setting Up Git and Deployment","total":10,"duration":"02h 10m","lessons":[{"title":"Section Intro","duration":"40sec","resourses":[],"preview":"/course/nodejs-express-mongodb-bootcamp/preview/lecture/section-intro","url":"/course/nodejs-express-mongodb-bootcamp/learn/lecture/section-intro","video":""},{"title":"Setting Up Git and GitHub","duration":"04m 38sec","resourses":[],"preview":"/course/nodejs-express-mongodb-bootcamp/preview/lecture/setting-up-git-and-github","url":"/course/nodejs-express-mongodb-bootcamp/learn/lecture/setting-up-git-and-github","video":""},{"title":"Git Fundamentals","duration":"10m 33sec","resourses":[],"preview":"/course/nodejs-express-mongodb-bootcamp/preview/lecture/git-fundamentals","url":"/course/nodejs-express-mongodb-bootcamp/learn/lecture/git-fundamentals","video":""},{"title":"Pushing to GitHub","duration":"10m 27sec","resourses":[],"preview":"/course/nodejs-express-mongodb-bootcamp/preview/lecture/pushing-to-github","url":"/course/nodejs-express-mongodb-bootcamp/learn/lecture/pushing-to-github","video":""},{"title":"Preparing Our App for Deployment","duration":"10m 55sec","resourses":[],"preview":"/course/nodejs-express-mongodb-bootcamp/preview/lecture/preparing-our-app-for-deployment","url":"/course/nodejs-express-mongodb-bootcamp/learn/lecture/preparing-our-app-for-deployment","video":""},{"title":"Deploying Our App to Heroku","duration":"26m 30sec","resourses":[],"preview":"/course/nodejs-express-mongodb-bootcamp/preview/lecture/deploying-our-app-to-heroku","url":"/course/nodejs-express-mongodb-bootcamp/learn/lecture/deploying-our-app-to-heroku","video":""},{"title":"Testing for Secure HTTPS Connections","duration":"05m 52sec","resourses":[],"preview":"/course/nodejs-express-mongodb-bootcamp/preview/lecture/testing-for-secure-https-connections","url":"/course/nodejs-express-mongodb-bootcamp/learn/lecture/testing-for-secure-https-connections","video":""},{"title":"Responding to a SIGTERM Signal","duration":"07m 21sec","resourses":[],"preview":"/course/nodejs-express-mongodb-bootcamp/preview/lecture/responding-to-a-sigterm-signal","url":"/course/nodejs-express-mongodb-bootcamp/learn/lecture/responding-to-a-sigterm-signal","video":""},{"title":"Implementing CORS","duration":"15m 53sec","resourses":[],"preview":"/course/nodejs-express-mongodb-bootcamp/preview/lecture/implementing-cors","url":"/course/nodejs-express-mongodb-bootcamp/learn/lecture/implementing-cors","video":""},{"title":"Finishing Payments with Stripe Webhooks","duration":"38m 08sec","resourses":[],"preview":"/course/nodejs-express-mongodb-bootcamp/preview/lecture/finishing-payments-with-stripe-webhooks","url":"/course/nodejs-express-mongodb-bootcamp/learn/lecture/finishing-payments-with-stripe-webhooks","video":""}]},{"title":"That's It, Everyone!","total":2,"duration":"04m 31sec","lessons":[{"title":"Where to Go from Here","duration":"03m 39sec","resourses":[],"preview":"/course/nodejs-express-mongodb-bootcamp/preview/lecture/where-to-go-from-here","url":"/course/nodejs-express-mongodb-bootcamp/learn/lecture/where-to-go-from-here","video":""},{"title":"My Other Courses + Updates","duration":"52sec","resourses":[],"preview":"/course/nodejs-express-mongodb-bootcamp/preview/lecture/my-other-courses-+-updates","url":"/course/nodejs-express-mongodb-bootcamp/learn/lecture/my-other-courses-+-updates","video":""}]}]}