{"duration":"10h 33m duration","total":109,"sections":[{"title":"GETTING STARTED - MUST WATCH","total":7,"duration":"29m 54sec","lessons":[{"title":"Blog API Application Features","duration":"03m 23sec","resourses":[],"preview":"/course/nodejs-api-complete-guide-by-building-blog-application-api/preview/lecture/blog-api-application-features","url":"/course/nodejs-api-complete-guide-by-building-blog-application-api/learn/lecture/blog-api-application-features","video":""},{"title":"How To Get Help","duration":"57sec","resourses":[],"preview":"/course/nodejs-api-complete-guide-by-building-blog-application-api/preview/lecture/how-to-get-help","url":"/course/nodejs-api-complete-guide-by-building-blog-application-api/learn/lecture/how-to-get-help","video":""},{"title":"Final Project Repository","duration":"06sec","resourses":[],"preview":"/course/nodejs-api-complete-guide-by-building-blog-application-api/preview/lecture/final-project-repository","url":"/course/nodejs-api-complete-guide-by-building-blog-application-api/learn/lecture/final-project-repository","video":""},{"title":"Final Project Live Preview","duration":"05sec","resourses":[],"preview":"/course/nodejs-api-complete-guide-by-building-blog-application-api/preview/lecture/final-project-live-preview","url":"/course/nodejs-api-complete-guide-by-building-blog-application-api/learn/lecture/final-project-live-preview","video":""},{"title":"Creating Server","duration":"13m 07sec","resourses":[],"preview":"/course/nodejs-api-complete-guide-by-building-blog-application-api/preview/lecture/creating-server","url":"/course/nodejs-api-complete-guide-by-building-blog-application-api/learn/lecture/creating-server","video":""},{"title":"Connect To  Mongodb Database","duration":"10m 22sec","resourses":[],"preview":"/course/nodejs-api-complete-guide-by-building-blog-application-api/preview/lecture/connect-to-mongodb-database","url":"/course/nodejs-api-complete-guide-by-building-blog-application-api/learn/lecture/connect-to-mongodb-database","video":""},{"title":"Mongodb in Vscode","duration":"01m 54sec","resourses":[],"preview":"/course/nodejs-api-complete-guide-by-building-blog-application-api/preview/lecture/mongodb-in-vscode","url":"/course/nodejs-api-complete-guide-by-building-blog-application-api/learn/lecture/mongodb-in-vscode","video":""}]},{"title":"DATA MODELLING","total":4,"duration":"23m 23sec","lessons":[{"title":"Data Modelling Logic","duration":"04m 47sec","resourses":[],"preview":"/course/nodejs-api-complete-guide-by-building-blog-application-api/preview/lecture/data-modelling-logic","url":"/course/nodejs-api-complete-guide-by-building-blog-application-api/learn/lecture/data-modelling-logic","video":""},{"title":"User Model","duration":"09m 56sec","resourses":[],"preview":"/course/nodejs-api-complete-guide-by-building-blog-application-api/preview/lecture/user-model","url":"/course/nodejs-api-complete-guide-by-building-blog-application-api/learn/lecture/user-model","video":""},{"title":"Post Model","duration":"06m 31sec","resourses":[],"preview":"/course/nodejs-api-complete-guide-by-building-blog-application-api/preview/lecture/post-model","url":"/course/nodejs-api-complete-guide-by-building-blog-application-api/learn/lecture/post-model","video":""},{"title":"Comment And Category Models","duration":"02m 09sec","resourses":[],"preview":"/course/nodejs-api-complete-guide-by-building-blog-application-api/preview/lecture/comment-and-category-models","url":"/course/nodejs-api-complete-guide-by-building-blog-application-api/learn/lecture/comment-and-category-models","video":""}]},{"title":"EXPRESS ROUTING & MVC DESIGN PATTERN","total":6,"duration":"01h 00m","lessons":[{"title":"Creating Dummy Routes","duration":"11m 58sec","resourses":[],"preview":"/course/nodejs-api-complete-guide-by-building-blog-application-api/preview/lecture/creating-dummy-routes","url":"/course/nodejs-api-complete-guide-by-building-blog-application-api/learn/lecture/creating-dummy-routes","video":""},{"title":"Testing Dummy Routes using Thunder Client","duration":"09m 23sec","resourses":[],"preview":"/course/nodejs-api-complete-guide-by-building-blog-application-api/preview/lecture/testing-dummy-routes-using-thunder-client","url":"/course/nodejs-api-complete-guide-by-building-blog-application-api/learn/lecture/testing-dummy-routes-using-thunder-client","video":""},{"title":"Express Routing Explained","duration":"07m 23sec","resourses":[],"preview":"/course/nodejs-api-complete-guide-by-building-blog-application-api/preview/lecture/express-routing-explained","url":"/course/nodejs-api-complete-guide-by-building-blog-application-api/learn/lecture/express-routing-explained","video":""},{"title":"Refactor To Use Express Routing","duration":"22m 13sec","resourses":[],"preview":"/course/nodejs-api-complete-guide-by-building-blog-application-api/preview/lecture/refactor-to-use-express-routing","url":"/course/nodejs-api-complete-guide-by-building-blog-application-api/learn/lecture/refactor-to-use-express-routing","video":""},{"title":"MVC Explained","duration":"02m 19sec","resourses":[],"preview":"/course/nodejs-api-complete-guide-by-building-blog-application-api/preview/lecture/mvc-explained","url":"/course/nodejs-api-complete-guide-by-building-blog-application-api/learn/lecture/mvc-explained","video":""},{"title":"Refactor Routes To Use Controllers","duration":"07m 20sec","resourses":[],"preview":"/course/nodejs-api-complete-guide-by-building-blog-application-api/preview/lecture/refactor-routes-to-use-controllers","url":"/course/nodejs-api-complete-guide-by-building-blog-application-api/learn/lecture/refactor-routes-to-use-controllers","video":""}]},{"title":"EXPRESS MIDDLEWARES & AUTHENTICATION TYPES","total":8,"duration":"30m 22sec","lessons":[{"title":"Types of Authentication","duration":"04m 41sec","resourses":[],"preview":"/course/nodejs-api-complete-guide-by-building-blog-application-api/preview/lecture/types-of-authentication","url":"/course/nodejs-api-complete-guide-by-building-blog-application-api/learn/lecture/types-of-authentication","video":""},{"title":"How Authentication Works","duration":"03m 22sec","resourses":[],"preview":"/course/nodejs-api-complete-guide-by-building-blog-application-api/preview/lecture/how-authentication-works","url":"/course/nodejs-api-complete-guide-by-building-blog-application-api/learn/lecture/how-authentication-works","video":""},{"title":"How JWT Works","duration":"03m 13sec","resourses":[],"preview":"/course/nodejs-api-complete-guide-by-building-blog-application-api/preview/lecture/how-jwt-works","url":"/course/nodejs-api-complete-guide-by-building-blog-application-api/learn/lecture/how-jwt-works","video":""},{"title":"Uses Of Middleware","duration":"03m 06sec","resourses":[],"preview":"/course/nodejs-api-complete-guide-by-building-blog-application-api/preview/lecture/uses-of-middleware","url":"/course/nodejs-api-complete-guide-by-building-blog-application-api/learn/lecture/uses-of-middleware","video":""},{"title":"How Middleware Works","duration":"03m 19sec","resourses":[],"preview":"/course/nodejs-api-complete-guide-by-building-blog-application-api/preview/lecture/how-middleware-works","url":"/course/nodejs-api-complete-guide-by-building-blog-application-api/learn/lecture/how-middleware-works","video":""},{"title":"Uses Of Middleware","duration":"03m 06sec","resourses":[],"preview":"/course/nodejs-api-complete-guide-by-building-blog-application-api/preview/lecture/uses-of-middleware","url":"/course/nodejs-api-complete-guide-by-building-blog-application-api/learn/lecture/uses-of-middleware","video":""},{"title":"How Middleware Works","duration":"03m 19sec","resourses":[],"preview":"/course/nodejs-api-complete-guide-by-building-blog-application-api/preview/lecture/how-middleware-works","url":"/course/nodejs-api-complete-guide-by-building-blog-application-api/learn/lecture/how-middleware-works","video":""},{"title":"Middleware Demo","duration":"06m 16sec","resourses":[],"preview":"/course/nodejs-api-complete-guide-by-building-blog-application-api/preview/lecture/middleware-demo","url":"/course/nodejs-api-complete-guide-by-building-blog-application-api/learn/lecture/middleware-demo","video":""}]},{"title":"AUTHENTICATION & AUTHORIZATION","total":9,"duration":"01h 02m","lessons":[{"title":"User Registration Controller","duration":"09m 21sec","resourses":[],"preview":"/course/nodejs-api-complete-guide-by-building-blog-application-api/preview/lecture/user-registration-controller","url":"/course/nodejs-api-complete-guide-by-building-blog-application-api/learn/lecture/user-registration-controller","video":""},{"title":"Login User Controller","duration":"04m 26sec","resourses":[],"preview":"/course/nodejs-api-complete-guide-by-building-blog-application-api/preview/lecture/login-user-controller","url":"/course/nodejs-api-complete-guide-by-building-blog-application-api/learn/lecture/login-user-controller","video":""},{"title":"Hash User Password","duration":"04m 09sec","resourses":[],"preview":"/course/nodejs-api-complete-guide-by-building-blog-application-api/preview/lecture/hash-user-password","url":"/course/nodejs-api-complete-guide-by-building-blog-application-api/learn/lecture/hash-user-password","video":""},{"title":"Verify User Password","duration":"04m 33sec","resourses":[],"preview":"/course/nodejs-api-complete-guide-by-building-blog-application-api/preview/lecture/verify-user-password","url":"/course/nodejs-api-complete-guide-by-building-blog-application-api/learn/lecture/verify-user-password","video":""},{"title":"User Profile Controller","duration":"04m 32sec","resourses":[],"preview":"/course/nodejs-api-complete-guide-by-building-blog-application-api/preview/lecture/user-profile-controller","url":"/course/nodejs-api-complete-guide-by-building-blog-application-api/learn/lecture/user-profile-controller","video":""},{"title":"Generate Token-JWT","duration":"08m 33sec","resourses":[],"preview":"/course/nodejs-api-complete-guide-by-building-blog-application-api/preview/lecture/generate-token-jwt","url":"/course/nodejs-api-complete-guide-by-building-blog-application-api/learn/lecture/generate-token-jwt","video":""},{"title":"Get Token from Header","duration":"11m 01sec","resourses":[],"preview":"/course/nodejs-api-complete-guide-by-building-blog-application-api/preview/lecture/get-token-from-header","url":"/course/nodejs-api-complete-guide-by-building-blog-application-api/learn/lecture/get-token-from-header","video":""},{"title":"Protect Route Middleware","duration":"06m 11sec","resourses":[],"preview":"/course/nodejs-api-complete-guide-by-building-blog-application-api/preview/lecture/protect-route-middleware","url":"/course/nodejs-api-complete-guide-by-building-blog-application-api/learn/lecture/protect-route-middleware","video":""},{"title":"Verify Token","duration":"09m 26sec","resourses":[],"preview":"/course/nodejs-api-complete-guide-by-building-blog-application-api/preview/lecture/verify-token","url":"/course/nodejs-api-complete-guide-by-building-blog-application-api/learn/lecture/verify-token","video":""}]},{"title":"EXPRESS ERROR HANDLING","total":3,"duration":"22m 47sec","lessons":[{"title":"Custom Global Error Handler","duration":"10m 59sec","resourses":[],"preview":"/course/nodejs-api-complete-guide-by-building-blog-application-api/preview/lecture/custom-global-error-handler","url":"/course/nodejs-api-complete-guide-by-building-blog-application-api/learn/lecture/custom-global-error-handler","video":""},{"title":"App Error Function","duration":"08m 57sec","resourses":[],"preview":"/course/nodejs-api-complete-guide-by-building-blog-application-api/preview/lecture/app-error-function","url":"/course/nodejs-api-complete-guide-by-building-blog-application-api/learn/lecture/app-error-function","video":""},{"title":"Not Found Handler","duration":"02m 51sec","resourses":[],"preview":"/course/nodejs-api-complete-guide-by-building-blog-application-api/preview/lecture/not-found-handler","url":"/course/nodejs-api-complete-guide-by-building-blog-application-api/learn/lecture/not-found-handler","video":""}]},{"title":"FILE UPLOAD TO CLOUDINARY","total":5,"duration":"34m 14sec","lessons":[{"title":"User Model Modified","duration":"05m 39sec","resourses":[],"preview":"/course/nodejs-api-complete-guide-by-building-blog-application-api/preview/lecture/user-model-modified","url":"/course/nodejs-api-complete-guide-by-building-blog-application-api/learn/lecture/user-model-modified","video":""},{"title":"Cloudinary API Key","duration":"03m 18sec","resourses":[],"preview":"/course/nodejs-api-complete-guide-by-building-blog-application-api/preview/lecture/cloudinary-api-key","url":"/course/nodejs-api-complete-guide-by-building-blog-application-api/learn/lecture/cloudinary-api-key","video":""},{"title":"Cloudinary Configuration","duration":"07m 22sec","resourses":[],"preview":"/course/nodejs-api-complete-guide-by-building-blog-application-api/preview/lecture/cloudinary-configuration","url":"/course/nodejs-api-complete-guide-by-building-blog-application-api/learn/lecture/cloudinary-configuration","video":""},{"title":"Upload File To Cloudinary","duration":"08m 16sec","resourses":[],"preview":"/course/nodejs-api-complete-guide-by-building-blog-application-api/preview/lecture/upload-file-to-cloudinary","url":"/course/nodejs-api-complete-guide-by-building-blog-application-api/learn/lecture/upload-file-to-cloudinary","video":""},{"title":"Upload Profile Photo","duration":"09m 39sec","resourses":[],"preview":"/course/nodejs-api-complete-guide-by-building-blog-application-api/preview/lecture/upload-profile-photo","url":"/course/nodejs-api-complete-guide-by-building-blog-application-api/learn/lecture/upload-profile-photo","video":""}]},{"title":"FOLLOW & UNFOLLOW USER CONTROLLER","total":4,"duration":"44m 13sec","lessons":[{"title":"Profile Viewers Controller","duration":"19m 20sec","resourses":[],"preview":"/course/nodejs-api-complete-guide-by-building-blog-application-api/preview/lecture/profile-viewers-controller","url":"/course/nodejs-api-complete-guide-by-building-blog-application-api/learn/lecture/profile-viewers-controller","video":""},{"title":"User Follow And Unfollow Logic","duration":"03m 50sec","resourses":[],"preview":"/course/nodejs-api-complete-guide-by-building-blog-application-api/preview/lecture/user-follow-and-unfollow-logic","url":"/course/nodejs-api-complete-guide-by-building-blog-application-api/learn/lecture/user-follow-and-unfollow-logic","video":""},{"title":"Following User Controller","duration":"09m 11sec","resourses":[],"preview":"/course/nodejs-api-complete-guide-by-building-blog-application-api/preview/lecture/following-user-controller","url":"/course/nodejs-api-complete-guide-by-building-blog-application-api/learn/lecture/following-user-controller","video":""},{"title":"Unfollowing User Controller","duration":"11m 52sec","resourses":[],"preview":"/course/nodejs-api-complete-guide-by-building-blog-application-api/preview/lecture/unfollowing-user-controller","url":"/course/nodejs-api-complete-guide-by-building-blog-application-api/learn/lecture/unfollowing-user-controller","video":""}]},{"title":"BLOCKING & UNBLOCKING USER","total":5,"duration":"44m 17sec","lessons":[{"title":"Block User Controller","duration":"11m 17sec","resourses":[],"preview":"/course/nodejs-api-complete-guide-by-building-blog-application-api/preview/lecture/block-user-controller","url":"/course/nodejs-api-complete-guide-by-building-blog-application-api/learn/lecture/block-user-controller","video":""},{"title":"Unblock User Controller","duration":"13m 04sec","resourses":[],"preview":"/course/nodejs-api-complete-guide-by-building-blog-application-api/preview/lecture/unblock-user-controller","url":"/course/nodejs-api-complete-guide-by-building-blog-application-api/learn/lecture/unblock-user-controller","video":""},{"title":"Admin Block User","duration":"05m 52sec","resourses":[],"preview":"/course/nodejs-api-complete-guide-by-building-blog-application-api/preview/lecture/admin-block-user","url":"/course/nodejs-api-complete-guide-by-building-blog-application-api/learn/lecture/admin-block-user","video":""},{"title":"Is Admin Middleware","duration":"06m 59sec","resourses":[],"preview":"/course/nodejs-api-complete-guide-by-building-blog-application-api/preview/lecture/is-admin-middleware","url":"/course/nodejs-api-complete-guide-by-building-blog-application-api/learn/lecture/is-admin-middleware","video":""},{"title":"Admin Unblock User","duration":"07m 05sec","resourses":[],"preview":"/course/nodejs-api-complete-guide-by-building-blog-application-api/preview/lecture/admin-unblock-user","url":"/course/nodejs-api-complete-guide-by-building-blog-application-api/learn/lecture/admin-unblock-user","video":""}]},{"title":"MONGOOSE VIRTUAL PROPERTIES","total":4,"duration":"12m 13sec","lessons":[{"title":"User Full Name Virtual Property","duration":"06m 25sec","resourses":[],"preview":"/course/nodejs-api-complete-guide-by-building-blog-application-api/preview/lecture/user-full-name-virtual-property","url":"/course/nodejs-api-complete-guide-by-building-blog-application-api/learn/lecture/user-full-name-virtual-property","video":""},{"title":"User Full Name Initials Virtual Property","duration":"01m 28sec","resourses":[],"preview":"/course/nodejs-api-complete-guide-by-building-blog-application-api/preview/lecture/user-full-name-initials-virtual-property","url":"/course/nodejs-api-complete-guide-by-building-blog-application-api/learn/lecture/user-full-name-initials-virtual-property","video":""},{"title":"Post Count Virtual Property","duration":"01m 11sec","resourses":[],"preview":"/course/nodejs-api-complete-guide-by-building-blog-application-api/preview/lecture/post-count-virtual-property","url":"/course/nodejs-api-complete-guide-by-building-blog-application-api/learn/lecture/post-count-virtual-property","video":""},{"title":"Following & Blocking Viewers Count Virtual Property","duration":"03m 09sec","resourses":[],"preview":"/course/nodejs-api-complete-guide-by-building-blog-application-api/preview/lecture/following-and-blocking-viewers-count-virtual-property","url":"/course/nodejs-api-complete-guide-by-building-blog-application-api/learn/lecture/following-and-blocking-viewers-count-virtual-property","video":""}]},{"title":"USER API CONTROLLER","total":15,"duration":"01h 28m","lessons":[{"title":"Additional API Feature introduction","duration":"02m 19sec","resourses":[],"preview":"/course/nodejs-api-complete-guide-by-building-blog-application-api/preview/lecture/additional-api-feature-introduction","url":"/course/nodejs-api-complete-guide-by-building-blog-application-api/learn/lecture/additional-api-feature-introduction","video":""},{"title":"Create Post Controller","duration":"08m 32sec","resourses":[],"preview":"/course/nodejs-api-complete-guide-by-building-blog-application-api/preview/lecture/create-post-controller","url":"/course/nodejs-api-complete-guide-by-building-blog-application-api/learn/lecture/create-post-controller","video":""},{"title":"Last Date User Created A Post Logic","duration":"01m 22sec","resourses":[],"preview":"/course/nodejs-api-complete-guide-by-building-blog-application-api/preview/lecture/last-date-user-created-a-post-logic","url":"/course/nodejs-api-complete-guide-by-building-blog-application-api/learn/lecture/last-date-user-created-a-post-logic","video":""},{"title":"Mongoose Hooks Explained","duration":"07m 47sec","resourses":[],"preview":"/course/nodejs-api-complete-guide-by-building-blog-application-api/preview/lecture/mongoose-hooks-explained","url":"/course/nodejs-api-complete-guide-by-building-blog-application-api/learn/lecture/mongoose-hooks-explained","video":""},{"title":"Last Date User Created A Post","duration":"09m 02sec","resourses":[],"preview":"/course/nodejs-api-complete-guide-by-building-blog-application-api/preview/lecture/last-date-user-created-a-post","url":"/course/nodejs-api-complete-guide-by-building-blog-application-api/learn/lecture/last-date-user-created-a-post","video":""},{"title":"Check If User Is Active Or Not Logic","duration":"01m 39sec","resourses":[],"preview":"/course/nodejs-api-complete-guide-by-building-blog-application-api/preview/lecture/check-if-user-is-active-or-not-logic","url":"/course/nodejs-api-complete-guide-by-building-blog-application-api/learn/lecture/check-if-user-is-active-or-not-logic","video":""},{"title":"Check If User Is Active Or Not","duration":"05m 00sec","resourses":[],"preview":"/course/nodejs-api-complete-guide-by-building-blog-application-api/preview/lecture/check-if-user-is-active-or-not","url":"/course/nodejs-api-complete-guide-by-building-blog-application-api/learn/lecture/check-if-user-is-active-or-not","video":""},{"title":"System Blocking User If Inactive For 30 Days","duration":"04m 26sec","resourses":[],"preview":"/course/nodejs-api-complete-guide-by-building-blog-application-api/preview/lecture/system-blocking-user-if-inactive-for-30-days","url":"/course/nodejs-api-complete-guide-by-building-blog-application-api/learn/lecture/system-blocking-user-if-inactive-for-30-days","video":""},{"title":"Last Active Date Of A User","duration":"05m 03sec","resourses":[],"preview":"/course/nodejs-api-complete-guide-by-building-blog-application-api/preview/lecture/last-active-date-of-a-user","url":"/course/nodejs-api-complete-guide-by-building-blog-application-api/learn/lecture/last-active-date-of-a-user","video":""},{"title":"Upgrade User Account","duration":"04m 41sec","resourses":[],"preview":"/course/nodejs-api-complete-guide-by-building-blog-application-api/preview/lecture/upgrade-user-account","url":"/course/nodejs-api-complete-guide-by-building-blog-application-api/learn/lecture/upgrade-user-account","video":""},{"title":"Populate User's Posts","duration":"05m 19sec","resourses":[],"preview":"/course/nodejs-api-complete-guide-by-building-blog-application-api/preview/lecture/populate-user's-posts","url":"/course/nodejs-api-complete-guide-by-building-blog-application-api/learn/lecture/populate-user's-posts","video":""},{"title":"Update User Profile API","duration":"10m 26sec","resourses":[],"preview":"/course/nodejs-api-complete-guide-by-building-blog-application-api/preview/lecture/update-user-profile-api","url":"/course/nodejs-api-complete-guide-by-building-blog-application-api/learn/lecture/update-user-profile-api","video":""},{"title":"Update User Password API","duration":"07m 05sec","resourses":[],"preview":"/course/nodejs-api-complete-guide-by-building-blog-application-api/preview/lecture/update-user-password-api","url":"/course/nodejs-api-complete-guide-by-building-blog-application-api/learn/lecture/update-user-password-api","video":""},{"title":"Delete User Account API","duration":"09m 32sec","resourses":[],"preview":"/course/nodejs-api-complete-guide-by-building-blog-application-api/preview/lecture/delete-user-account-api","url":"/course/nodejs-api-complete-guide-by-building-blog-application-api/learn/lecture/delete-user-account-api","video":""},{"title":"User API Returning Error","duration":"05m 54sec","resourses":[],"preview":"/course/nodejs-api-complete-guide-by-building-blog-application-api/preview/lecture/user-api-returning-error","url":"/course/nodejs-api-complete-guide-by-building-blog-application-api/learn/lecture/user-api-returning-error","video":""}]},{"title":"POST CATEGORY  CONTROLLER API","total":5,"duration":"12m 39sec","lessons":[{"title":"Create Category","duration":"04m 58sec","resourses":[],"preview":"/course/nodejs-api-complete-guide-by-building-blog-application-api/preview/lecture/create-category","url":"/course/nodejs-api-complete-guide-by-building-blog-application-api/learn/lecture/create-category","video":""},{"title":"Final All Categories","duration":"02m 07sec","resourses":[],"preview":"/course/nodejs-api-complete-guide-by-building-blog-application-api/preview/lecture/final-all-categories","url":"/course/nodejs-api-complete-guide-by-building-blog-application-api/learn/lecture/final-all-categories","video":""},{"title":"Fetch Single Category","duration":"01m 01sec","resourses":[],"preview":"/course/nodejs-api-complete-guide-by-building-blog-application-api/preview/lecture/fetch-single-category","url":"/course/nodejs-api-complete-guide-by-building-blog-application-api/learn/lecture/fetch-single-category","video":""},{"title":"Update Category","duration":"02m 47sec","resourses":[],"preview":"/course/nodejs-api-complete-guide-by-building-blog-application-api/preview/lecture/update-category","url":"/course/nodejs-api-complete-guide-by-building-blog-application-api/learn/lecture/update-category","video":""},{"title":"Delete Category","duration":"01m 46sec","resourses":[],"preview":"/course/nodejs-api-complete-guide-by-building-blog-application-api/preview/lecture/delete-category","url":"/course/nodejs-api-complete-guide-by-building-blog-application-api/learn/lecture/delete-category","video":""}]},{"title":"POST API CONTROLLER PART 3","total":14,"duration":"01h 27m","lessons":[{"title":"Finishing Post Creation","duration":"06m 40sec","resourses":[],"preview":"/course/nodejs-api-complete-guide-by-building-blog-application-api/preview/lecture/finishing-post-creation","url":"/course/nodejs-api-complete-guide-by-building-blog-application-api/learn/lecture/finishing-post-creation","video":""},{"title":"Hiding Posts from Blocked User Logic","duration":"02m 40sec","resourses":[],"preview":"/course/nodejs-api-complete-guide-by-building-blog-application-api/preview/lecture/hiding-posts-from-blocked-user-logic","url":"/course/nodejs-api-complete-guide-by-building-blog-application-api/learn/lecture/hiding-posts-from-blocked-user-logic","video":""},{"title":"Hiding Posts from Blocked User","duration":"18m 48sec","resourses":[],"preview":"/course/nodejs-api-complete-guide-by-building-blog-application-api/preview/lecture/hiding-posts-from-blocked-user","url":"/course/nodejs-api-complete-guide-by-building-blog-application-api/learn/lecture/hiding-posts-from-blocked-user","video":""},{"title":"Liking A Post Controller","duration":"10m 40sec","resourses":[],"preview":"/course/nodejs-api-complete-guide-by-building-blog-application-api/preview/lecture/liking-a-post-controller","url":"/course/nodejs-api-complete-guide-by-building-blog-application-api/learn/lecture/liking-a-post-controller","video":""},{"title":"Disliking A Post Controller","duration":"04m 08sec","resourses":[],"preview":"/course/nodejs-api-complete-guide-by-building-blog-application-api/preview/lecture/disliking-a-post-controller","url":"/course/nodejs-api-complete-guide-by-building-blog-application-api/learn/lecture/disliking-a-post-controller","video":""},{"title":"Number Of Views Of A Post","duration":"06m 37sec","resourses":[],"preview":"/course/nodejs-api-complete-guide-by-building-blog-application-api/preview/lecture/number-of-views-of-a-post","url":"/course/nodejs-api-complete-guide-by-building-blog-application-api/learn/lecture/number-of-views-of-a-post","video":""},{"title":"Number Of Post Views Count","duration":"06m 00sec","resourses":[],"preview":"/course/nodejs-api-complete-guide-by-building-blog-application-api/preview/lecture/number-of-post-views-count","url":"/course/nodejs-api-complete-guide-by-building-blog-application-api/learn/lecture/number-of-post-views-count","video":""},{"title":"Likes and Dislikes Count Of Post","duration":"02m 05sec","resourses":[],"preview":"/course/nodejs-api-complete-guide-by-building-blog-application-api/preview/lecture/likes-and-dislikes-count-of-post","url":"/course/nodejs-api-complete-guide-by-building-blog-application-api/learn/lecture/likes-and-dislikes-count-of-post","video":""},{"title":"Post Likes And Dislikes In Percentage","duration":"04m 37sec","resourses":[],"preview":"/course/nodejs-api-complete-guide-by-building-blog-application-api/preview/lecture/post-likes-and-dislikes-in-percentage","url":"/course/nodejs-api-complete-guide-by-building-blog-application-api/learn/lecture/post-likes-and-dislikes-in-percentage","video":""},{"title":"Days Ago Of A Post","duration":"04m 31sec","resourses":[],"preview":"/course/nodejs-api-complete-guide-by-building-blog-application-api/preview/lecture/days-ago-of-a-post","url":"/course/nodejs-api-complete-guide-by-building-blog-application-api/learn/lecture/days-ago-of-a-post","video":""},{"title":"Post Photo Upload","duration":"08m 16sec","resourses":[],"preview":"/course/nodejs-api-complete-guide-by-building-blog-application-api/preview/lecture/post-photo-upload","url":"/course/nodejs-api-complete-guide-by-building-blog-application-api/learn/lecture/post-photo-upload","video":""},{"title":"Deleting Of A Post","duration":"04m 59sec","resourses":[],"preview":"/course/nodejs-api-complete-guide-by-building-blog-application-api/preview/lecture/deleting-of-a-post","url":"/course/nodejs-api-complete-guide-by-building-blog-application-api/learn/lecture/deleting-of-a-post","video":""},{"title":"Update Post","duration":"05m 57sec","resourses":[],"preview":"/course/nodejs-api-complete-guide-by-building-blog-application-api/preview/lecture/update-post","url":"/course/nodejs-api-complete-guide-by-building-blog-application-api/learn/lecture/update-post","video":""},{"title":"Post API Improvement","duration":"01m 46sec","resourses":[],"preview":"/course/nodejs-api-complete-guide-by-building-blog-application-api/preview/lecture/post-api-improvement","url":"/course/nodejs-api-complete-guide-by-building-blog-application-api/learn/lecture/post-api-improvement","video":""}]},{"title":"COMMENT CONTROLLER API","total":3,"duration":"18m 15sec","lessons":[{"title":"Create Comment","duration":"11m 48sec","resourses":[],"preview":"/course/nodejs-api-complete-guide-by-building-blog-application-api/preview/lecture/create-comment","url":"/course/nodejs-api-complete-guide-by-building-blog-application-api/learn/lecture/create-comment","video":""},{"title":"Update Comment","duration":"04m 10sec","resourses":[],"preview":"/course/nodejs-api-complete-guide-by-building-blog-application-api/preview/lecture/update-comment","url":"/course/nodejs-api-complete-guide-by-building-blog-application-api/learn/lecture/update-comment","video":""},{"title":"Delete Comment","duration":"02m 17sec","resourses":[],"preview":"/course/nodejs-api-complete-guide-by-building-blog-application-api/preview/lecture/delete-comment","url":"/course/nodejs-api-complete-guide-by-building-blog-application-api/learn/lecture/delete-comment","video":""}]},{"title":"API DOCUMENTATION","total":15,"duration":"49m 08sec","lessons":[{"title":"API Documentation Intro","duration":"02m 13sec","resourses":[],"preview":"/course/nodejs-api-complete-guide-by-building-blog-application-api/preview/lecture/api-documentation-intro","url":"/course/nodejs-api-complete-guide-by-building-blog-application-api/learn/lecture/api-documentation-intro","video":""},{"title":"What is an API?","duration":"02m 25sec","resourses":[],"preview":"/course/nodejs-api-complete-guide-by-building-blog-application-api/preview/lecture/what-is-an-api","url":"/course/nodejs-api-complete-guide-by-building-blog-application-api/learn/lecture/what-is-an-api","video":""},{"title":"What is API Documentation?","duration":"01m 05sec","resourses":[],"preview":"/course/nodejs-api-complete-guide-by-building-blog-application-api/preview/lecture/what-is-api-documentation","url":"/course/nodejs-api-complete-guide-by-building-blog-application-api/learn/lecture/what-is-api-documentation","video":""},{"title":"How To Write Good API Documentation","duration":"01m 31sec","resourses":[],"preview":"/course/nodejs-api-complete-guide-by-building-blog-application-api/preview/lecture/how-to-write-good-api-documentation","url":"/course/nodejs-api-complete-guide-by-building-blog-application-api/learn/lecture/how-to-write-good-api-documentation","video":""},{"title":"Tools For API Documentation","duration":"01m 40sec","resourses":[],"preview":"/course/nodejs-api-complete-guide-by-building-blog-application-api/preview/lecture/tools-for-api-documentation","url":"/course/nodejs-api-complete-guide-by-building-blog-application-api/learn/lecture/tools-for-api-documentation","video":""},{"title":"API Project Documention Repository","duration":"01m 47sec","resourses":[],"preview":"/course/nodejs-api-complete-guide-by-building-blog-application-api/preview/lecture/api-project-documention-repository","url":"/course/nodejs-api-complete-guide-by-building-blog-application-api/learn/lecture/api-project-documention-repository","video":""},{"title":"What is Markdown Language?","duration":"01m 14sec","resourses":[],"preview":"/course/nodejs-api-complete-guide-by-building-blog-application-api/preview/lecture/what-is-markdown-language","url":"/course/nodejs-api-complete-guide-by-building-blog-application-api/learn/lecture/what-is-markdown-language","video":""},{"title":"Markdown Crash Course Part 1","duration":"06m 21sec","resourses":[],"preview":"/course/nodejs-api-complete-guide-by-building-blog-application-api/preview/lecture/markdown-crash-course-part-1","url":"/course/nodejs-api-complete-guide-by-building-blog-application-api/learn/lecture/markdown-crash-course-part-1","video":""},{"title":"Markdown Crash Course Part 2","duration":"05m 43sec","resourses":[],"preview":"/course/nodejs-api-complete-guide-by-building-blog-application-api/preview/lecture/markdown-crash-course-part-2","url":"/course/nodejs-api-complete-guide-by-building-blog-application-api/learn/lecture/markdown-crash-course-part-2","video":""},{"title":"Markdown Crash Course Part 3","duration":"02m 37sec","resourses":[],"preview":"/course/nodejs-api-complete-guide-by-building-blog-application-api/preview/lecture/markdown-crash-course-part-3","url":"/course/nodejs-api-complete-guide-by-building-blog-application-api/learn/lecture/markdown-crash-course-part-3","video":""},{"title":"Readm.so Tool","duration":"02m 56sec","resourses":[],"preview":"/course/nodejs-api-complete-guide-by-building-blog-application-api/preview/lecture/readm.so-tool","url":"/course/nodejs-api-complete-guide-by-building-blog-application-api/learn/lecture/readm.so-tool","video":""},{"title":"API Documentation Part 1","duration":"08m 16sec","resourses":[],"preview":"/course/nodejs-api-complete-guide-by-building-blog-application-api/preview/lecture/api-documentation-part-1","url":"/course/nodejs-api-complete-guide-by-building-blog-application-api/learn/lecture/api-documentation-part-1","video":""},{"title":"API Documentation Part 2","duration":"04m 19sec","resourses":[],"preview":"/course/nodejs-api-complete-guide-by-building-blog-application-api/preview/lecture/api-documentation-part-2","url":"/course/nodejs-api-complete-guide-by-building-blog-application-api/learn/lecture/api-documentation-part-2","video":""},{"title":"API Documentation Part 3","duration":"02m 37sec","resourses":[],"preview":"/course/nodejs-api-complete-guide-by-building-blog-application-api/preview/lecture/api-documentation-part-3","url":"/course/nodejs-api-complete-guide-by-building-blog-application-api/learn/lecture/api-documentation-part-3","video":""},{"title":"API Documentation Part 4","duration":"04m 24sec","resourses":[],"preview":"/course/nodejs-api-complete-guide-by-building-blog-application-api/preview/lecture/api-documentation-part-4","url":"/course/nodejs-api-complete-guide-by-building-blog-application-api/learn/lecture/api-documentation-part-4","video":""}]},{"title":"DEPLOYMENT (RENDER)","total":2,"duration":"13m 03sec","lessons":[{"title":"Preparing for Deployment","duration":"04m 25sec","resourses":[],"preview":"/course/nodejs-api-complete-guide-by-building-blog-application-api/preview/lecture/preparing-for-deployment","url":"/course/nodejs-api-complete-guide-by-building-blog-application-api/learn/lecture/preparing-for-deployment","video":""},{"title":"Deploy Application To Render","duration":"08m 38sec","resourses":[],"preview":"/course/nodejs-api-complete-guide-by-building-blog-application-api/preview/lecture/deploy-application-to-render","url":"/course/nodejs-api-complete-guide-by-building-blog-application-api/learn/lecture/deploy-application-to-render","video":""}]}]}