{"duration":"28h 37m duration","total":289,"sections":[{"title":"Getting Started","total":11,"duration":"47m 59sec","lessons":[{"title":"Welcome To This Course & What To Expect!","duration":"01m 05sec","resourses":[],"preview":"/course/react-native-the-practical-guide/preview/lecture/welcome-to-this-course-and-what-to-expect!","url":"/course/react-native-the-practical-guide/learn/lecture/welcome-to-this-course-and-what-to-expect!","video":""},{"title":"What Is React Native?","duration":"03m 27sec","resourses":[],"preview":"/course/react-native-the-practical-guide/preview/lecture/what-is-react-native","url":"/course/react-native-the-practical-guide/learn/lecture/what-is-react-native","video":""},{"title":"Join our Online Learning Community","duration":"23sec","resourses":[],"preview":"/course/react-native-the-practical-guide/preview/lecture/join-our-online-learning-community","url":"/course/react-native-the-practical-guide/learn/lecture/join-our-online-learning-community","video":""},{"title":"A Glance Under The Hood Of React Native","duration":"05m 05sec","resourses":[],"preview":"/course/react-native-the-practical-guide/preview/lecture/a-glance-under-the-hood-of-react-native","url":"/course/react-native-the-practical-guide/learn/lecture/a-glance-under-the-hood-of-react-native","video":""},{"title":"Creating React Native Projects: Expo CLI vs React Native CLI","duration":"05m 56sec","resourses":[],"preview":"/course/react-native-the-practical-guide/preview/lecture/creating-react-native-projects:-expo-cli-vs-react-native-cli","url":"/course/react-native-the-practical-guide/learn/lecture/creating-react-native-projects:-expo-cli-vs-react-native-cli","video":""},{"title":"Creating a New React Native Project","duration":"05m 49sec","resourses":[],"preview":"/course/react-native-the-practical-guide/preview/lecture/creating-a-new-react-native-project","url":"/course/react-native-the-practical-guide/learn/lecture/creating-a-new-react-native-project","video":""},{"title":"Analyzing The Created Project","duration":"05m 15sec","resourses":[],"preview":"/course/react-native-the-practical-guide/preview/lecture/analyzing-the-created-project","url":"/course/react-native-the-practical-guide/learn/lecture/analyzing-the-created-project","video":""},{"title":"Running Our First App On A Real Device!","duration":"04m 20sec","resourses":[],"preview":"/course/react-native-the-practical-guide/preview/lecture/running-our-first-app-on-a-real-device!","url":"/course/react-native-the-practical-guide/learn/lecture/running-our-first-app-on-a-real-device!","video":""},{"title":"Setting Up A Local Development Environment","duration":"09m 26sec","resourses":[],"preview":"/course/react-native-the-practical-guide/preview/lecture/setting-up-a-local-development-environment","url":"/course/react-native-the-practical-guide/learn/lecture/setting-up-a-local-development-environment","video":""},{"title":"About This Course","duration":"06m 54sec","resourses":[],"preview":"/course/react-native-the-practical-guide/preview/lecture/about-this-course","url":"/course/react-native-the-practical-guide/learn/lecture/about-this-course","video":""},{"title":"Course Resources, Code Snapshots & How To Use","duration":"19sec","resourses":[],"preview":"/course/react-native-the-practical-guide/preview/lecture/course-resources-code-snapshots-and-how-to-use","url":"/course/react-native-the-practical-guide/learn/lecture/course-resources-code-snapshots-and-how-to-use","video":""}]},{"title":"React Native Basics [COURSE GOALS APP]","total":27,"duration":"02h 44m","lessons":[{"title":"Module Introduction","duration":"01m 44sec","resourses":[],"preview":"/course/react-native-the-practical-guide/preview/lecture/module-introduction","url":"/course/react-native-the-practical-guide/learn/lecture/module-introduction","video":""},{"title":"Exploring Core Components & Component Styling","duration":"07m 52sec","resourses":[],"preview":"/course/react-native-the-practical-guide/preview/lecture/exploring-core-components-and-component-styling","url":"/course/react-native-the-practical-guide/learn/lecture/exploring-core-components-and-component-styling","video":""},{"title":"Working With Core Components","duration":"07m 00sec","resourses":[],"preview":"/course/react-native-the-practical-guide/preview/lecture/working-with-core-components","url":"/course/react-native-the-practical-guide/learn/lecture/working-with-core-components","video":""},{"title":"Styling React Native Apps","duration":"10m 13sec","resourses":[],"preview":"/course/react-native-the-practical-guide/preview/lecture/styling-react-native-apps","url":"/course/react-native-the-practical-guide/learn/lecture/styling-react-native-apps","video":""},{"title":"React Native: Core Components, Styling & Colors - More Information","duration":"34sec","resourses":[],"preview":"/course/react-native-the-practical-guide/preview/lecture/react-native:-core-components-styling-and-colors-more-information","url":"/course/react-native-the-practical-guide/learn/lecture/react-native:-core-components-styling-and-colors-more-information","video":""},{"title":"Exploring Layouts & Flexbox","duration":"03m 19sec","resourses":[],"preview":"/course/react-native-the-practical-guide/preview/lecture/exploring-layouts-and-flexbox","url":"/course/react-native-the-practical-guide/learn/lecture/exploring-layouts-and-flexbox","video":""},{"title":"React Native & Flexbox","duration":"02m 31sec","resourses":[],"preview":"/course/react-native-the-practical-guide/preview/lecture/react-native-and-flexbox","url":"/course/react-native-the-practical-guide/learn/lecture/react-native-and-flexbox","video":""},{"title":"Using Flexbox To Create Layouts","duration":"05m 08sec","resourses":[],"preview":"/course/react-native-the-practical-guide/preview/lecture/using-flexbox-to-create-layouts","url":"/course/react-native-the-practical-guide/learn/lecture/using-flexbox-to-create-layouts","video":""},{"title":"Flexbox - A Deep Dive","duration":"12m 19sec","resourses":[],"preview":"/course/react-native-the-practical-guide/preview/lecture/flexbox-a-deep-dive","url":"/course/react-native-the-practical-guide/learn/lecture/flexbox-a-deep-dive","video":""},{"title":"Components, Styles, Layouts","duration":"undefinedsec","resourses":[],"preview":"/course/react-native-the-practical-guide/preview/quiz/components-styles-layouts","url":"/course/react-native-the-practical-guide/learn/quiz/components-styles-layouts","video":""},{"title":"Improving The Layout","duration":"07m 12sec","resourses":[],"preview":"/course/react-native-the-practical-guide/preview/lecture/improving-the-layout","url":"/course/react-native-the-practical-guide/learn/lecture/improving-the-layout","video":""},{"title":"Handling Events","duration":"07m 29sec","resourses":[],"preview":"/course/react-native-the-practical-guide/preview/lecture/handling-events","url":"/course/react-native-the-practical-guide/learn/lecture/handling-events","video":""},{"title":"Managing A List Of Course Goals (in our Demo App)","duration":"07m 10sec","resourses":[],"preview":"/course/react-native-the-practical-guide/preview/lecture/managing-a-list-of-course-goals-(in-our-demo-app)","url":"/course/react-native-the-practical-guide/learn/lecture/managing-a-list-of-course-goals-(in-our-demo-app)","video":""},{"title":"iOS & Android Styling Differences","duration":"08m 50sec","resourses":[],"preview":"/course/react-native-the-practical-guide/preview/lecture/ios-and-android-styling-differences","url":"/course/react-native-the-practical-guide/learn/lecture/ios-and-android-styling-differences","video":""},{"title":"Making Content Scrollable with ScrollView","duration":"06m 15sec","resourses":[],"preview":"/course/react-native-the-practical-guide/preview/lecture/making-content-scrollable-with-scrollview","url":"/course/react-native-the-practical-guide/learn/lecture/making-content-scrollable-with-scrollview","video":""},{"title":"Optimizing Lists with FlatList","duration":"13m 41sec","resourses":[],"preview":"/course/react-native-the-practical-guide/preview/lecture/optimizing-lists-with-flatlist","url":"/course/react-native-the-practical-guide/learn/lecture/optimizing-lists-with-flatlist","video":""},{"title":"More Components & Lists","duration":"undefinedsec","resourses":[],"preview":"/course/react-native-the-practical-guide/preview/quiz/more-components-and-lists","url":"/course/react-native-the-practical-guide/learn/quiz/more-components-and-lists","video":""},{"title":"Splitting Components Into Smaller Components","duration":"05m 11sec","resourses":[],"preview":"/course/react-native-the-practical-guide/preview/lecture/splitting-components-into-smaller-components","url":"/course/react-native-the-practical-guide/learn/lecture/splitting-components-into-smaller-components","video":""},{"title":"Utilizing Props","duration":"02m 33sec","resourses":[],"preview":"/course/react-native-the-practical-guide/preview/lecture/utilizing-props","url":"/course/react-native-the-practical-guide/learn/lecture/utilizing-props","video":""},{"title":"Working on the \"Goal Input\" Component","duration":"09m 40sec","resourses":[],"preview":"/course/react-native-the-practical-guide/preview/lecture/working-on-the-\"goal-input\"-component","url":"/course/react-native-the-practical-guide/learn/lecture/working-on-the-\"goal-input\"-component","video":""},{"title":"Handling Taps with the Pressable Component","duration":"03m 34sec","resourses":[],"preview":"/course/react-native-the-practical-guide/preview/lecture/handling-taps-with-the-pressable-component","url":"/course/react-native-the-practical-guide/learn/lecture/handling-taps-with-the-pressable-component","video":""},{"title":"Making Items Deletable & Using IDs","duration":"05m 17sec","resourses":[],"preview":"/course/react-native-the-practical-guide/preview/lecture/making-items-deletable-and-using-ids","url":"/course/react-native-the-practical-guide/learn/lecture/making-items-deletable-and-using-ids","video":""},{"title":"Adding an Android Ripple Effect & an iOS Alternative","duration":"04m 52sec","resourses":[],"preview":"/course/react-native-the-practical-guide/preview/lecture/adding-an-android-ripple-effect-and-an-ios-alternative","url":"/course/react-native-the-practical-guide/learn/lecture/adding-an-android-ripple-effect-and-an-ios-alternative","video":""},{"title":"Adding a Modal Screen","duration":"06m 57sec","resourses":[],"preview":"/course/react-native-the-practical-guide/preview/lecture/adding-a-modal-screen","url":"/course/react-native-the-practical-guide/learn/lecture/adding-a-modal-screen","video":""},{"title":"Styling the Modal Overlay","duration":"05m 41sec","resourses":[],"preview":"/course/react-native-the-practical-guide/preview/lecture/styling-the-modal-overlay","url":"/course/react-native-the-practical-guide/learn/lecture/styling-the-modal-overlay","video":""},{"title":"Opening & Closing the Modal","duration":"02m 30sec","resourses":[],"preview":"/course/react-native-the-practical-guide/preview/lecture/opening-and-closing-the-modal","url":"/course/react-native-the-practical-guide/learn/lecture/opening-and-closing-the-modal","video":""},{"title":"Working with Images & Changing Colors","duration":"06m 04sec","resourses":[],"preview":"/course/react-native-the-practical-guide/preview/lecture/working-with-images-and-changing-colors","url":"/course/react-native-the-practical-guide/learn/lecture/working-with-images-and-changing-colors","video":""},{"title":"App Finishing Touches","duration":"07m 15sec","resourses":[],"preview":"/course/react-native-the-practical-guide/preview/lecture/app-finishing-touches","url":"/course/react-native-the-practical-guide/learn/lecture/app-finishing-touches","video":""},{"title":"Module Summary","duration":"03m 32sec","resourses":[],"preview":"/course/react-native-the-practical-guide/preview/lecture/module-summary","url":"/course/react-native-the-practical-guide/learn/lecture/module-summary","video":""}]},{"title":"Debugging React Native Apps (Introduction)","total":6,"duration":"14m 52sec","lessons":[{"title":"Module Introduction","duration":"01m 17sec","resourses":[],"preview":"/course/react-native-the-practical-guide/preview/lecture/module-introduction","url":"/course/react-native-the-practical-guide/learn/lecture/module-introduction","video":""},{"title":"Handling Errors","duration":"04m 37sec","resourses":[],"preview":"/course/react-native-the-practical-guide/preview/lecture/handling-errors","url":"/course/react-native-the-practical-guide/learn/lecture/handling-errors","video":""},{"title":"Logging to the Console","duration":"01m 52sec","resourses":[],"preview":"/course/react-native-the-practical-guide/preview/lecture/logging-to-the-console","url":"/course/react-native-the-practical-guide/learn/lecture/logging-to-the-console","video":""},{"title":"Debugging JavaScript Remotely","duration":"03m 05sec","resourses":[],"preview":"/course/react-native-the-practical-guide/preview/lecture/debugging-javascript-remotely","url":"/course/react-native-the-practical-guide/learn/lecture/debugging-javascript-remotely","video":""},{"title":"Using the React DevTools","duration":"03m 27sec","resourses":[],"preview":"/course/react-native-the-practical-guide/preview/lecture/using-the-react-devtools","url":"/course/react-native-the-practical-guide/learn/lecture/using-the-react-devtools","video":""},{"title":"Using the Documentation","duration":"34sec","resourses":[],"preview":"/course/react-native-the-practical-guide/preview/lecture/using-the-documentation","url":"/course/react-native-the-practical-guide/learn/lecture/using-the-documentation","video":""}]},{"title":"Diving Deeper into Components, Layouts & Styling - Building a Mini-Game App","total":34,"duration":"03h 51m","lessons":[{"title":"Module Introduction & What We'll Build","duration":"02m 06sec","resourses":[],"preview":"/course/react-native-the-practical-guide/preview/lecture/module-introduction-and-what-we'll-build","url":"/course/react-native-the-practical-guide/learn/lecture/module-introduction-and-what-we'll-build","video":""},{"title":"Starting Setup & Analyzing the Target App","duration":"03m 03sec","resourses":[],"preview":"/course/react-native-the-practical-guide/preview/lecture/starting-setup-and-analyzing-the-target-app","url":"/course/react-native-the-practical-guide/learn/lecture/starting-setup-and-analyzing-the-target-app","video":""},{"title":"Setting Up our Screen Components","duration":"05m 39sec","resourses":[],"preview":"/course/react-native-the-practical-guide/preview/lecture/setting-up-our-screen-components","url":"/course/react-native-the-practical-guide/learn/lecture/setting-up-our-screen-components","video":""},{"title":"Creating Custom Buttons","duration":"06m 58sec","resourses":[],"preview":"/course/react-native-the-practical-guide/preview/lecture/creating-custom-buttons","url":"/course/react-native-the-practical-guide/learn/lecture/creating-custom-buttons","video":""},{"title":"Styling for Android & iOS","duration":"11m 16sec","resourses":[],"preview":"/course/react-native-the-practical-guide/preview/lecture/styling-for-android-and-ios","url":"/course/react-native-the-practical-guide/learn/lecture/styling-for-android-and-ios","video":""},{"title":"Styling the \"Number Input\" Element","duration":"06m 52sec","resourses":[],"preview":"/course/react-native-the-practical-guide/preview/lecture/styling-the-\"number-input\"-element","url":"/course/react-native-the-practical-guide/learn/lecture/styling-the-\"number-input\"-element","video":""},{"title":"Configuring the TextInput Field","duration":"03m 21sec","resourses":[],"preview":"/course/react-native-the-practical-guide/preview/lecture/configuring-the-textinput-field","url":"/course/react-native-the-practical-guide/learn/lecture/configuring-the-textinput-field","video":""},{"title":"Adding Visual Feedback to the Buttons","duration":"15m 46sec","resourses":[],"preview":"/course/react-native-the-practical-guide/preview/lecture/adding-visual-feedback-to-the-buttons","url":"/course/react-native-the-practical-guide/learn/lecture/adding-visual-feedback-to-the-buttons","video":""},{"title":"Improving the Buttons","duration":"07m 38sec","resourses":[],"preview":"/course/react-native-the-practical-guide/preview/lecture/improving-the-buttons","url":"/course/react-native-the-practical-guide/learn/lecture/improving-the-buttons","video":""},{"title":"Coloring the Components & The Overall App","duration":"03m 19sec","resourses":[],"preview":"/course/react-native-the-practical-guide/preview/lecture/coloring-the-components-and-the-overall-app","url":"/course/react-native-the-practical-guide/learn/lecture/coloring-the-components-and-the-overall-app","video":""},{"title":"Adding a Linear Gradient","duration":"04m 02sec","resourses":[],"preview":"/course/react-native-the-practical-guide/preview/lecture/adding-a-linear-gradient","url":"/course/react-native-the-practical-guide/learn/lecture/adding-a-linear-gradient","video":""},{"title":"Adding a Background Image","duration":"07m 03sec","resourses":[],"preview":"/course/react-native-the-practical-guide/preview/lecture/adding-a-background-image","url":"/course/react-native-the-practical-guide/learn/lecture/adding-a-background-image","video":""},{"title":"Getting Started with the Game Logic","duration":"07m 10sec","resourses":[],"preview":"/course/react-native-the-practical-guide/preview/lecture/getting-started-with-the-game-logic","url":"/course/react-native-the-practical-guide/learn/lecture/getting-started-with-the-game-logic","video":""},{"title":"Handling User Input & Showing an Alert Dialog","duration":"07m 30sec","resourses":[],"preview":"/course/react-native-the-practical-guide/preview/lecture/handling-user-input-and-showing-an-alert-dialog","url":"/course/react-native-the-practical-guide/learn/lecture/handling-user-input-and-showing-an-alert-dialog","video":""},{"title":"Switching Screens Programmatically","duration":"07m 11sec","resourses":[],"preview":"/course/react-native-the-practical-guide/preview/lecture/switching-screens-programmatically","url":"/course/react-native-the-practical-guide/learn/lecture/switching-screens-programmatically","video":""},{"title":"Starting Work on the Game Screen","duration":"04m 45sec","resourses":[],"preview":"/course/react-native-the-practical-guide/preview/lecture/starting-work-on-the-game-screen","url":"/course/react-native-the-practical-guide/learn/lecture/starting-work-on-the-game-screen","video":""},{"title":"Respecting Device Screen Restrictions with the SafeAreaView","duration":"03m 06sec","resourses":[],"preview":"/course/react-native-the-practical-guide/preview/lecture/respecting-device-screen-restrictions-with-the-safeareaview","url":"/course/react-native-the-practical-guide/learn/lecture/respecting-device-screen-restrictions-with-the-safeareaview","video":""},{"title":"Creating a Title Component","duration":"04m 37sec","resourses":[],"preview":"/course/react-native-the-practical-guide/preview/lecture/creating-a-title-component","url":"/course/react-native-the-practical-guide/learn/lecture/creating-a-title-component","video":""},{"title":"Managing Colors Globally","duration":"06m 53sec","resourses":[],"preview":"/course/react-native-the-practical-guide/preview/lecture/managing-colors-globally","url":"/course/react-native-the-practical-guide/learn/lecture/managing-colors-globally","video":""},{"title":"Creating, Using & Displaying Random Numbers","duration":"12m 43sec","resourses":[],"preview":"/course/react-native-the-practical-guide/preview/lecture/creating-using-and-displaying-random-numbers","url":"/course/react-native-the-practical-guide/learn/lecture/creating-using-and-displaying-random-numbers","video":""},{"title":"Adding Game Control Buttons (\"+\" & \"-\") to the App","duration":"15m 27sec","resourses":[],"preview":"/course/react-native-the-practical-guide/preview/lecture/adding-game-control-buttons-(\"+\"-and-\"-\")-to-the-app","url":"/course/react-native-the-practical-guide/learn/lecture/adding-game-control-buttons-(\"+\"-and-\"-\")-to-the-app","video":""},{"title":"Checking for \"Game Over\"","duration":"11m 12sec","resourses":[],"preview":"/course/react-native-the-practical-guide/preview/lecture/checking-for-\"game-over\"","url":"/course/react-native-the-practical-guide/learn/lecture/checking-for-\"game-over\"","video":""},{"title":"Improving the Game Screen Visuals","duration":"11m 40sec","resourses":[],"preview":"/course/react-native-the-practical-guide/preview/lecture/improving-the-game-screen-visuals","url":"/course/react-native-the-practical-guide/learn/lecture/improving-the-game-screen-visuals","video":""},{"title":"Using \"Cascading Styles\"","duration":"05m 45sec","resourses":[],"preview":"/course/react-native-the-practical-guide/preview/lecture/using-\"cascading-styles\"","url":"/course/react-native-the-practical-guide/learn/lecture/using-\"cascading-styles\"","video":""},{"title":"Working with Icons (Button Icons)","duration":"04m 08sec","resourses":[],"preview":"/course/react-native-the-practical-guide/preview/lecture/working-with-icons-(button-icons)","url":"/course/react-native-the-practical-guide/learn/lecture/working-with-icons-(button-icons)","video":""},{"title":"Adding & Using Custom Fonts with React Native Apps","duration":"07m 03sec","resourses":[],"preview":"/course/react-native-the-practical-guide/preview/lecture/adding-and-using-custom-fonts-with-react-native-apps","url":"/course/react-native-the-practical-guide/learn/lecture/adding-and-using-custom-fonts-with-react-native-apps","video":""},{"title":"Adding a (Foreground) Image","duration":"09m 01sec","resourses":[],"preview":"/course/react-native-the-practical-guide/preview/lecture/adding-a-(foreground)-image","url":"/course/react-native-the-practical-guide/learn/lecture/adding-a-(foreground)-image","video":""},{"title":"Using & Styling Nested Text","duration":"04m 52sec","resourses":[],"preview":"/course/react-native-the-practical-guide/preview/lecture/using-and-styling-nested-text","url":"/course/react-native-the-practical-guide/learn/lecture/using-and-styling-nested-text","video":""},{"title":"Adding Logic to (Re-)Start Games & Displaying a Summary Screen","duration":"06m 58sec","resourses":[],"preview":"/course/react-native-the-practical-guide/preview/lecture/adding-logic-to-(re-)start-games-and-displaying-a-summary-screen","url":"/course/react-native-the-practical-guide/learn/lecture/adding-logic-to-(re-)start-games-and-displaying-a-summary-screen","video":""},{"title":"Logging Game Rounds","duration":"05m 51sec","resourses":[],"preview":"/course/react-native-the-practical-guide/preview/lecture/logging-game-rounds","url":"/course/react-native-the-practical-guide/learn/lecture/logging-game-rounds","video":""},{"title":"Outputting Log Data with FlatList","duration":"02m 49sec","resourses":[],"preview":"/course/react-native-the-practical-guide/preview/lecture/outputting-log-data-with-flatlist","url":"/course/react-native-the-practical-guide/learn/lecture/outputting-log-data-with-flatlist","video":""},{"title":"Styling the Game Round Logs","duration":"08m 10sec","resourses":[],"preview":"/course/react-native-the-practical-guide/preview/lecture/styling-the-game-round-logs","url":"/course/react-native-the-practical-guide/learn/lecture/styling-the-game-round-logs","video":""},{"title":"Finishing Touches","duration":"04m 33sec","resourses":[],"preview":"/course/react-native-the-practical-guide/preview/lecture/finishing-touches","url":"/course/react-native-the-practical-guide/learn/lecture/finishing-touches","video":""},{"title":"Module Summary","duration":"02m 56sec","resourses":[],"preview":"/course/react-native-the-practical-guide/preview/lecture/module-summary","url":"/course/react-native-the-practical-guide/learn/lecture/module-summary","video":""}]},{"title":"Building Adaptive User Interfaces (Adapt to Platform & Device Sizes)","total":11,"duration":"59m 53sec","lessons":[{"title":"Module Introduction","duration":"04m 05sec","resourses":[],"preview":"/course/react-native-the-practical-guide/preview/lecture/module-introduction","url":"/course/react-native-the-practical-guide/learn/lecture/module-introduction","video":""},{"title":"Setting Dynamic Widths","duration":"04m 29sec","resourses":[],"preview":"/course/react-native-the-practical-guide/preview/lecture/setting-dynamic-widths","url":"/course/react-native-the-practical-guide/learn/lecture/setting-dynamic-widths","video":""},{"title":"Introducing the Dimensions API","duration":"06m 39sec","resourses":[],"preview":"/course/react-native-the-practical-guide/preview/lecture/introducing-the-dimensions-api","url":"/course/react-native-the-practical-guide/learn/lecture/introducing-the-dimensions-api","video":""},{"title":"Adjusting Image Sizes with the Dimensions API","duration":"04m 04sec","resourses":[],"preview":"/course/react-native-the-practical-guide/preview/lecture/adjusting-image-sizes-with-the-dimensions-api","url":"/course/react-native-the-practical-guide/learn/lecture/adjusting-image-sizes-with-the-dimensions-api","video":""},{"title":"Understanding Screen Orientation Problems","duration":"03m 16sec","resourses":[],"preview":"/course/react-native-the-practical-guide/preview/lecture/understanding-screen-orientation-problems","url":"/course/react-native-the-practical-guide/learn/lecture/understanding-screen-orientation-problems","video":""},{"title":"Setting Sizes Dynamically (for different Orientations)","duration":"07m 55sec","resourses":[],"preview":"/course/react-native-the-practical-guide/preview/lecture/setting-sizes-dynamically-(for-different-orientations)","url":"/course/react-native-the-practical-guide/learn/lecture/setting-sizes-dynamically-(for-different-orientations)","video":""},{"title":"Managing Screen Content with KeyboardAvoidingView","duration":"05m 49sec","resourses":[],"preview":"/course/react-native-the-practical-guide/preview/lecture/managing-screen-content-with-keyboardavoidingview","url":"/course/react-native-the-practical-guide/learn/lecture/managing-screen-content-with-keyboardavoidingview","video":""},{"title":"Improving the Landscape Mode UI","duration":"07m 54sec","resourses":[],"preview":"/course/react-native-the-practical-guide/preview/lecture/improving-the-landscape-mode-ui","url":"/course/react-native-the-practical-guide/learn/lecture/improving-the-landscape-mode-ui","video":""},{"title":"The Dimensions API & Responsive UIs","duration":"undefinedsec","resourses":[],"preview":"/course/react-native-the-practical-guide/preview/quiz/the-dimensions-api-and-responsive-uis","url":"/course/react-native-the-practical-guide/learn/quiz/the-dimensions-api-and-responsive-uis","video":""},{"title":"Further Improvements with useWindowDimensions","duration":"04m 35sec","resourses":[],"preview":"/course/react-native-the-practical-guide/preview/lecture/further-improvements-with-usewindowdimensions","url":"/course/react-native-the-practical-guide/learn/lecture/further-improvements-with-usewindowdimensions","video":""},{"title":"Writing Platform-specific Code with the Platform API","duration":"08m 59sec","resourses":[],"preview":"/course/react-native-the-practical-guide/preview/lecture/writing-platform-specific-code-with-the-platform-api","url":"/course/react-native-the-practical-guide/learn/lecture/writing-platform-specific-code-with-the-platform-api","video":""},{"title":"Styling the Status Bar","duration":"02m 08sec","resourses":[],"preview":"/course/react-native-the-practical-guide/preview/lecture/styling-the-status-bar","url":"/course/react-native-the-practical-guide/learn/lecture/styling-the-status-bar","video":""}]},{"title":"React Native Navigation with React Navigation [MEALS APP]","total":24,"duration":"03h 15m","lessons":[{"title":"Module Introduction","duration":"01m 28sec","resourses":[],"preview":"/course/react-native-the-practical-guide/preview/lecture/module-introduction","url":"/course/react-native-the-practical-guide/learn/lecture/module-introduction","video":""},{"title":"What Is Navigation?","duration":"04m 21sec","resourses":[],"preview":"/course/react-native-the-practical-guide/preview/lecture/what-is-navigation","url":"/course/react-native-the-practical-guide/learn/lecture/what-is-navigation","video":""},{"title":"Getting Started with the App & Outputting Meal Categories","duration":"09m 31sec","resourses":[],"preview":"/course/react-native-the-practical-guide/preview/lecture/getting-started-with-the-app-and-outputting-meal-categories","url":"/course/react-native-the-practical-guide/learn/lecture/getting-started-with-the-app-and-outputting-meal-categories","video":""},{"title":"Displaying Items in a Grid","duration":"14m 28sec","resourses":[],"preview":"/course/react-native-the-practical-guide/preview/lecture/displaying-items-in-a-grid","url":"/course/react-native-the-practical-guide/learn/lecture/displaying-items-in-a-grid","video":""},{"title":"Getting Started with the React Navigation Package","duration":"09m 44sec","resourses":[],"preview":"/course/react-native-the-practical-guide/preview/lecture/getting-started-with-the-react-navigation-package","url":"/course/react-native-the-practical-guide/learn/lecture/getting-started-with-the-react-navigation-package","video":""},{"title":"Implementing Navigation Between Two Screens","duration":"08m 30sec","resourses":[],"preview":"/course/react-native-the-practical-guide/preview/lecture/implementing-navigation-between-two-screens","url":"/course/react-native-the-practical-guide/learn/lecture/implementing-navigation-between-two-screens","video":""},{"title":"Setting the Default Screen","duration":"33sec","resourses":[],"preview":"/course/react-native-the-practical-guide/preview/lecture/setting-the-default-screen","url":"/course/react-native-the-practical-guide/learn/lecture/setting-the-default-screen","video":""},{"title":"Understanding the useNavigation Hook","duration":"03m 38sec","resourses":[],"preview":"/course/react-native-the-practical-guide/preview/lecture/understanding-the-usenavigation-hook","url":"/course/react-native-the-practical-guide/learn/lecture/understanding-the-usenavigation-hook","video":""},{"title":"Working with Route Parameters To Pass Data Between Screens","duration":"06m 36sec","resourses":[],"preview":"/course/react-native-the-practical-guide/preview/lecture/working-with-route-parameters-to-pass-data-between-screens","url":"/course/react-native-the-practical-guide/learn/lecture/working-with-route-parameters-to-pass-data-between-screens","video":""},{"title":"Displaying Meals","duration":"07m 51sec","resourses":[],"preview":"/course/react-native-the-practical-guide/preview/lecture/displaying-meals","url":"/course/react-native-the-practical-guide/learn/lecture/displaying-meals","video":""},{"title":"Adding Images & Styling","duration":"17m 11sec","resourses":[],"preview":"/course/react-native-the-practical-guide/preview/lecture/adding-images-and-styling","url":"/course/react-native-the-practical-guide/learn/lecture/adding-images-and-styling","video":""},{"title":"Styling Screen Headers & Backgrounds","duration":"07m 59sec","resourses":[],"preview":"/course/react-native-the-practical-guide/preview/lecture/styling-screen-headers-and-backgrounds","url":"/course/react-native-the-practical-guide/learn/lecture/styling-screen-headers-and-backgrounds","video":""},{"title":"Setting Navigation Options Dynamically","duration":"09m 04sec","resourses":[],"preview":"/course/react-native-the-practical-guide/preview/lecture/setting-navigation-options-dynamically","url":"/course/react-native-the-practical-guide/learn/lecture/setting-navigation-options-dynamically","video":""},{"title":"Adding & Configuring the Meal Details Screen","duration":"08m 57sec","resourses":[],"preview":"/course/react-native-the-practical-guide/preview/lecture/adding-and-configuring-the-meal-details-screen","url":"/course/react-native-the-practical-guide/learn/lecture/adding-and-configuring-the-meal-details-screen","video":""},{"title":"Outputting Content in the Meal Detail Screen","duration":"09m 23sec","resourses":[],"preview":"/course/react-native-the-practical-guide/preview/lecture/outputting-content-in-the-meal-detail-screen","url":"/course/react-native-the-practical-guide/learn/lecture/outputting-content-in-the-meal-detail-screen","video":""},{"title":"Finishing the Meal Detail Screen","duration":"18m 57sec","resourses":[],"preview":"/course/react-native-the-practical-guide/preview/lecture/finishing-the-meal-detail-screen","url":"/course/react-native-the-practical-guide/learn/lecture/finishing-the-meal-detail-screen","video":""},{"title":"Adding Header Buttons","duration":"06m 55sec","resourses":[],"preview":"/course/react-native-the-practical-guide/preview/lecture/adding-header-buttons","url":"/course/react-native-the-practical-guide/learn/lecture/adding-header-buttons","video":""},{"title":"Adding an Icon Button to a Header","duration":"04m 50sec","resourses":[],"preview":"/course/react-native-the-practical-guide/preview/lecture/adding-an-icon-button-to-a-header","url":"/course/react-native-the-practical-guide/learn/lecture/adding-an-icon-button-to-a-header","video":""},{"title":"Adding Drawer Navigation & Creating a Drawer","duration":"09m 31sec","resourses":[],"preview":"/course/react-native-the-practical-guide/preview/lecture/adding-drawer-navigation-and-creating-a-drawer","url":"/course/react-native-the-practical-guide/learn/lecture/adding-drawer-navigation-and-creating-a-drawer","video":""},{"title":"Configuring the Drawer Navigator & The Drawer","duration":"10m 09sec","resourses":[],"preview":"/course/react-native-the-practical-guide/preview/lecture/configuring-the-drawer-navigator-and-the-drawer","url":"/course/react-native-the-practical-guide/learn/lecture/configuring-the-drawer-navigator-and-the-drawer","video":""},{"title":"Adding, Configuring & Using Bottom Tabs","duration":"06m 29sec","resourses":[],"preview":"/course/react-native-the-practical-guide/preview/lecture/adding-configuring-and-using-bottom-tabs","url":"/course/react-native-the-practical-guide/learn/lecture/adding-configuring-and-using-bottom-tabs","video":""},{"title":"Nesting Navigators","duration":"13m 04sec","resourses":[],"preview":"/course/react-native-the-practical-guide/preview/lecture/nesting-navigators","url":"/course/react-native-the-practical-guide/learn/lecture/nesting-navigators","video":""},{"title":"Bottom Tabs & App Finishing Touches","duration":"03m 52sec","resourses":[],"preview":"/course/react-native-the-practical-guide/preview/lecture/bottom-tabs-and-app-finishing-touches","url":"/course/react-native-the-practical-guide/learn/lecture/bottom-tabs-and-app-finishing-touches","video":""},{"title":"Module Summary","duration":"02m 43sec","resourses":[],"preview":"/course/react-native-the-practical-guide/preview/lecture/module-summary","url":"/course/react-native-the-practical-guide/learn/lecture/module-summary","video":""}]},{"title":"App-wide State Management with Redux & Context API","total":10,"duration":"48m 15sec","lessons":[{"title":"Module Introduction","duration":"03m 04sec","resourses":[],"preview":"/course/react-native-the-practical-guide/preview/lecture/module-introduction","url":"/course/react-native-the-practical-guide/learn/lecture/module-introduction","video":""},{"title":"Getting Started with React's Context API","duration":"05m 22sec","resourses":[],"preview":"/course/react-native-the-practical-guide/preview/lecture/getting-started-with-react's-context-api","url":"/course/react-native-the-practical-guide/learn/lecture/getting-started-with-react's-context-api","video":""},{"title":"Managing App-wide State with Context","duration":"04m 59sec","resourses":[],"preview":"/course/react-native-the-practical-guide/preview/lecture/managing-app-wide-state-with-context","url":"/course/react-native-the-practical-guide/learn/lecture/managing-app-wide-state-with-context","video":""},{"title":"Using the Created Context with useContext","duration":"05m 11sec","resourses":[],"preview":"/course/react-native-the-practical-guide/preview/lecture/using-the-created-context-with-usecontext","url":"/course/react-native-the-practical-guide/learn/lecture/using-the-created-context-with-usecontext","video":""},{"title":"Managing Favorite Meals with the Context API","duration":"09m 39sec","resourses":[],"preview":"/course/react-native-the-practical-guide/preview/lecture/managing-favorite-meals-with-the-context-api","url":"/course/react-native-the-practical-guide/learn/lecture/managing-favorite-meals-with-the-context-api","video":""},{"title":"Getting Started with Redux & Redux Toolkit","duration":"04m 45sec","resourses":[],"preview":"/course/react-native-the-practical-guide/preview/lecture/getting-started-with-redux-and-redux-toolkit","url":"/course/react-native-the-practical-guide/learn/lecture/getting-started-with-redux-and-redux-toolkit","video":""},{"title":"Working with Redux Slices","duration":"07m 02sec","resourses":[],"preview":"/course/react-native-the-practical-guide/preview/lecture/working-with-redux-slices","url":"/course/react-native-the-practical-guide/learn/lecture/working-with-redux-slices","video":""},{"title":"Managing Redux State & Dispatching Actions","duration":"05m 13sec","resourses":[],"preview":"/course/react-native-the-practical-guide/preview/lecture/managing-redux-state-and-dispatching-actions","url":"/course/react-native-the-practical-guide/learn/lecture/managing-redux-state-and-dispatching-actions","video":""},{"title":"Using Redux State in Components","duration":"01m 45sec","resourses":[],"preview":"/course/react-native-the-practical-guide/preview/lecture/using-redux-state-in-components","url":"/course/react-native-the-practical-guide/learn/lecture/using-redux-state-in-components","video":""},{"title":"Module Summary","duration":"01m 15sec","resourses":[],"preview":"/course/react-native-the-practical-guide/preview/lecture/module-summary","url":"/course/react-native-the-practical-guide/learn/lecture/module-summary","video":""}]},{"title":"Time To Practice - The Expense Tracker App","total":22,"duration":"02h 39m","lessons":[{"title":"Module Introduction & What We'll Build","duration":"02m 21sec","resourses":[],"preview":"/course/react-native-the-practical-guide/preview/lecture/module-introduction-and-what-we'll-build","url":"/course/react-native-the-practical-guide/learn/lecture/module-introduction-and-what-we'll-build","video":""},{"title":"The Starting Setup","duration":"06m 17sec","resourses":[],"preview":"/course/react-native-the-practical-guide/preview/lecture/the-starting-setup","url":"/course/react-native-the-practical-guide/learn/lecture/the-starting-setup","video":""},{"title":"Adding Navigation (with React Navigation) & Configuring Navigation","duration":"08m 28sec","resourses":[],"preview":"/course/react-native-the-practical-guide/preview/lecture/adding-navigation-(with-react-navigation)-and-configuring-navigation","url":"/course/react-native-the-practical-guide/learn/lecture/adding-navigation-(with-react-navigation)-and-configuring-navigation","video":""},{"title":"Adding Global Colors & Editing Navigation Configuration","duration":"10m 03sec","resourses":[],"preview":"/course/react-native-the-practical-guide/preview/lecture/adding-global-colors-and-editing-navigation-configuration","url":"/course/react-native-the-practical-guide/learn/lecture/adding-global-colors-and-editing-navigation-configuration","video":""},{"title":"Creating Key App Components to Display Expenses","duration":"06m 17sec","resourses":[],"preview":"/course/react-native-the-practical-guide/preview/lecture/creating-key-app-components-to-display-expenses","url":"/course/react-native-the-practical-guide/learn/lecture/creating-key-app-components-to-display-expenses","video":""},{"title":"Continuing Work on the Expense-related Components","duration":"06m 48sec","resourses":[],"preview":"/course/react-native-the-practical-guide/preview/lecture/continuing-work-on-the-expense-related-components","url":"/course/react-native-the-practical-guide/learn/lecture/continuing-work-on-the-expense-related-components","video":""},{"title":"Adding Dummy Expense Data","duration":"05m 37sec","resourses":[],"preview":"/course/react-native-the-practical-guide/preview/lecture/adding-dummy-expense-data","url":"/course/react-native-the-practical-guide/learn/lecture/adding-dummy-expense-data","video":""},{"title":"Outputting a List of Expenses","duration":"04m 44sec","resourses":[],"preview":"/course/react-native-the-practical-guide/preview/lecture/outputting-a-list-of-expenses","url":"/course/react-native-the-practical-guide/learn/lecture/outputting-a-list-of-expenses","video":""},{"title":"Improving App Layout & Styling","duration":"07m 50sec","resourses":[],"preview":"/course/react-native-the-practical-guide/preview/lecture/improving-app-layout-and-styling","url":"/course/react-native-the-practical-guide/learn/lecture/improving-app-layout-and-styling","video":""},{"title":"Working on Expense List Items","duration":"13m 24sec","resourses":[],"preview":"/course/react-native-the-practical-guide/preview/lecture/working-on-expense-list-items","url":"/course/react-native-the-practical-guide/learn/lecture/working-on-expense-list-items","video":""},{"title":"Formatting Dates","duration":"04m 41sec","resourses":[],"preview":"/course/react-native-the-practical-guide/preview/lecture/formatting-dates","url":"/course/react-native-the-practical-guide/learn/lecture/formatting-dates","video":""},{"title":"Adding a Header Button & Making Expense Items Tappable","duration":"11m 32sec","resourses":[],"preview":"/course/react-native-the-practical-guide/preview/lecture/adding-a-header-button-and-making-expense-items-tappable","url":"/course/react-native-the-practical-guide/learn/lecture/adding-a-header-button-and-making-expense-items-tappable","video":""},{"title":"Navigating Programmatically Between Screens","duration":"05m 16sec","resourses":[],"preview":"/course/react-native-the-practical-guide/preview/lecture/navigating-programmatically-between-screens","url":"/course/react-native-the-practical-guide/learn/lecture/navigating-programmatically-between-screens","video":""},{"title":"Styling The Expense Management Screen","duration":"03m 06sec","resourses":[],"preview":"/course/react-native-the-practical-guide/preview/lecture/styling-the-expense-management-screen","url":"/course/react-native-the-practical-guide/learn/lecture/styling-the-expense-management-screen","video":""},{"title":"Supporting Different Editing Modes & Using Route Parameters","duration":"07m 00sec","resourses":[],"preview":"/course/react-native-the-practical-guide/preview/lecture/supporting-different-editing-modes-and-using-route-parameters","url":"/course/react-native-the-practical-guide/learn/lecture/supporting-different-editing-modes-and-using-route-parameters","video":""},{"title":"Adding a \"Delete\" Button","duration":"05m 34sec","resourses":[],"preview":"/course/react-native-the-practical-guide/preview/lecture/adding-a-\"delete\"-button","url":"/course/react-native-the-practical-guide/learn/lecture/adding-a-\"delete\"-button","video":""},{"title":"Adding Custom Buttons","duration":"09m 40sec","resourses":[],"preview":"/course/react-native-the-practical-guide/preview/lecture/adding-custom-buttons","url":"/course/react-native-the-practical-guide/learn/lecture/adding-custom-buttons","video":""},{"title":"Closing A Modal Programmatically","duration":"03m 21sec","resourses":[],"preview":"/course/react-native-the-practical-guide/preview/lecture/closing-a-modal-programmatically","url":"/course/react-native-the-practical-guide/learn/lecture/closing-a-modal-programmatically","video":""},{"title":"Managing App-wide State With Context","duration":"18m 17sec","resourses":[],"preview":"/course/react-native-the-practical-guide/preview/lecture/managing-app-wide-state-with-context","url":"/course/react-native-the-practical-guide/learn/lecture/managing-app-wide-state-with-context","video":""},{"title":"Using Context From Inside Components","duration":"08m 18sec","resourses":[],"preview":"/course/react-native-the-practical-guide/preview/lecture/using-context-from-inside-components","url":"/course/react-native-the-practical-guide/learn/lecture/using-context-from-inside-components","video":""},{"title":"Deleting & Updating Expenses","duration":"06m 32sec","resourses":[],"preview":"/course/react-native-the-practical-guide/preview/lecture/deleting-and-updating-expenses","url":"/course/react-native-the-practical-guide/learn/lecture/deleting-and-updating-expenses","video":""},{"title":"Finishing Touches","duration":"04m 25sec","resourses":[],"preview":"/course/react-native-the-practical-guide/preview/lecture/finishing-touches","url":"/course/react-native-the-practical-guide/learn/lecture/finishing-touches","video":""}]},{"title":"Handling User Input","total":14,"duration":"01h 24m","lessons":[{"title":"Module Introduction","duration":"01m 26sec","resourses":[],"preview":"/course/react-native-the-practical-guide/preview/lecture/module-introduction","url":"/course/react-native-the-practical-guide/learn/lecture/module-introduction","video":""},{"title":"Building a Custom Input Component","duration":"08m 34sec","resourses":[],"preview":"/course/react-native-the-practical-guide/preview/lecture/building-a-custom-input-component","url":"/course/react-native-the-practical-guide/learn/lecture/building-a-custom-input-component","video":""},{"title":"Creating an Overall Form","duration":"05m 57sec","resourses":[],"preview":"/course/react-native-the-practical-guide/preview/lecture/creating-an-overall-form","url":"/course/react-native-the-practical-guide/learn/lecture/creating-an-overall-form","video":""},{"title":"Configuring the Form Input Elements","duration":"04m 08sec","resourses":[],"preview":"/course/react-native-the-practical-guide/preview/lecture/configuring-the-form-input-elements","url":"/course/react-native-the-practical-guide/learn/lecture/configuring-the-form-input-elements","video":""},{"title":"Adding Styling","duration":"07m 40sec","resourses":[],"preview":"/course/react-native-the-practical-guide/preview/lecture/adding-styling","url":"/course/react-native-the-practical-guide/learn/lecture/adding-styling","video":""},{"title":"Setting the Form Layout","duration":"06m 41sec","resourses":[],"preview":"/course/react-native-the-practical-guide/preview/lecture/setting-the-form-layout","url":"/course/react-native-the-practical-guide/learn/lecture/setting-the-form-layout","video":""},{"title":"Handling User Input in a Generic Way","duration":"09m 56sec","resourses":[],"preview":"/course/react-native-the-practical-guide/preview/lecture/handling-user-input-in-a-generic-way","url":"/course/react-native-the-practical-guide/learn/lecture/handling-user-input-in-a-generic-way","video":""},{"title":"Managing Form State & Submission","duration":"04m 54sec","resourses":[],"preview":"/course/react-native-the-practical-guide/preview/lecture/managing-form-state-and-submission","url":"/course/react-native-the-practical-guide/learn/lecture/managing-form-state-and-submission","video":""},{"title":"Working with Entered Data","duration":"05m 20sec","resourses":[],"preview":"/course/react-native-the-practical-guide/preview/lecture/working-with-entered-data","url":"/course/react-native-the-practical-guide/learn/lecture/working-with-entered-data","video":""},{"title":"Setting & Using Default Values","duration":"07m 08sec","resourses":[],"preview":"/course/react-native-the-practical-guide/preview/lecture/setting-and-using-default-values","url":"/course/react-native-the-practical-guide/learn/lecture/setting-and-using-default-values","video":""},{"title":"Adding Validation","duration":"06m 38sec","resourses":[],"preview":"/course/react-native-the-practical-guide/preview/lecture/adding-validation","url":"/course/react-native-the-practical-guide/learn/lecture/adding-validation","video":""},{"title":"Providing Visual Validation Feedback","duration":"09m 18sec","resourses":[],"preview":"/course/react-native-the-practical-guide/preview/lecture/providing-visual-validation-feedback","url":"/course/react-native-the-practical-guide/learn/lecture/providing-visual-validation-feedback","video":""},{"title":"Adding Error Styling","duration":"04m 54sec","resourses":[],"preview":"/course/react-native-the-practical-guide/preview/lecture/adding-error-styling","url":"/course/react-native-the-practical-guide/learn/lecture/adding-error-styling","video":""},{"title":"Module Summary","duration":"01m 41sec","resourses":[],"preview":"/course/react-native-the-practical-guide/preview/lecture/module-summary","url":"/course/react-native-the-practical-guide/learn/lecture/module-summary","video":""}]},{"title":"Sending Http Requests","total":11,"duration":"01h 07m","lessons":[{"title":"Module Introduction","duration":"02m 22sec","resourses":[],"preview":"/course/react-native-the-practical-guide/preview/lecture/module-introduction","url":"/course/react-native-the-practical-guide/learn/lecture/module-introduction","video":""},{"title":"Backend Setup (Firebase)","duration":"03m 29sec","resourses":[],"preview":"/course/react-native-the-practical-guide/preview/lecture/backend-setup-(firebase)","url":"/course/react-native-the-practical-guide/learn/lecture/backend-setup-(firebase)","video":""},{"title":"Installing Axios","duration":"02m 12sec","resourses":[],"preview":"/course/react-native-the-practical-guide/preview/lecture/installing-axios","url":"/course/react-native-the-practical-guide/learn/lecture/installing-axios","video":""},{"title":"Sending POST Http Requests","duration":"06m 34sec","resourses":[],"preview":"/course/react-native-the-practical-guide/preview/lecture/sending-post-http-requests","url":"/course/react-native-the-practical-guide/learn/lecture/sending-post-http-requests","video":""},{"title":"Fetching Backend Data (GET Requests)","duration":"09m 25sec","resourses":[],"preview":"/course/react-native-the-practical-guide/preview/lecture/fetching-backend-data-(get-requests)","url":"/course/react-native-the-practical-guide/learn/lecture/fetching-backend-data-(get-requests)","video":""},{"title":"Transforming & Using Fetched Data","duration":"08m 19sec","resourses":[],"preview":"/course/react-native-the-practical-guide/preview/lecture/transforming-and-using-fetched-data","url":"/course/react-native-the-practical-guide/learn/lecture/transforming-and-using-fetched-data","video":""},{"title":"Using Response Data from POST Requests","duration":"05m 43sec","resourses":[],"preview":"/course/react-native-the-practical-guide/preview/lecture/using-response-data-from-post-requests","url":"/course/react-native-the-practical-guide/learn/lecture/using-response-data-from-post-requests","video":""},{"title":"Updating & Deleting Backend Data (UPDATE & DELETE Requests)","duration":"07m 50sec","resourses":[],"preview":"/course/react-native-the-practical-guide/preview/lecture/updating-and-deleting-backend-data-(update-and-delete-requests)","url":"/course/react-native-the-practical-guide/learn/lecture/updating-and-deleting-backend-data-(update-and-delete-requests)","video":""},{"title":"Managing the Loading State","duration":"08m 57sec","resourses":[],"preview":"/course/react-native-the-practical-guide/preview/lecture/managing-the-loading-state","url":"/course/react-native-the-practical-guide/learn/lecture/managing-the-loading-state","video":""},{"title":"Handling Request Errors","duration":"12m 02sec","resourses":[],"preview":"/course/react-native-the-practical-guide/preview/lecture/handling-request-errors","url":"/course/react-native-the-practical-guide/learn/lecture/handling-request-errors","video":""},{"title":"Module Summary","duration":"58sec","resourses":[],"preview":"/course/react-native-the-practical-guide/preview/lecture/module-summary","url":"/course/react-native-the-practical-guide/learn/lecture/module-summary","video":""}]},{"title":"User Authentication","total":17,"duration":"01h 28m","lessons":[{"title":"Module Introduction","duration":"01m 59sec","resourses":[],"preview":"/course/react-native-the-practical-guide/preview/lecture/module-introduction","url":"/course/react-native-the-practical-guide/learn/lecture/module-introduction","video":""},{"title":"Demo App Walkthrough","duration":"03m 56sec","resourses":[],"preview":"/course/react-native-the-practical-guide/preview/lecture/demo-app-walkthrough","url":"/course/react-native-the-practical-guide/learn/lecture/demo-app-walkthrough","video":""},{"title":"How Does Authentication Work?","duration":"02m 58sec","resourses":[],"preview":"/course/react-native-the-practical-guide/preview/lecture/how-does-authentication-work","url":"/course/react-native-the-practical-guide/learn/lecture/how-does-authentication-work","video":""},{"title":"Backend Setup","duration":"05m 35sec","resourses":[],"preview":"/course/react-native-the-practical-guide/preview/lecture/backend-setup","url":"/course/react-native-the-practical-guide/learn/lecture/backend-setup","video":""},{"title":"Controlling Signup & Login Screens","duration":"04m 39sec","resourses":[],"preview":"/course/react-native-the-practical-guide/preview/lecture/controlling-signup-and-login-screens","url":"/course/react-native-the-practical-guide/learn/lecture/controlling-signup-and-login-screens","video":""},{"title":"Sending Authentication Requests to the Backend","duration":"05m 19sec","resourses":[],"preview":"/course/react-native-the-practical-guide/preview/lecture/sending-authentication-requests-to-the-backend","url":"/course/react-native-the-practical-guide/learn/lecture/sending-authentication-requests-to-the-backend","video":""},{"title":"Creating New Users","duration":"05m 39sec","resourses":[],"preview":"/course/react-native-the-practical-guide/preview/lecture/creating-new-users","url":"/course/react-native-the-practical-guide/learn/lecture/creating-new-users","video":""},{"title":"Logging Users In","duration":"06m 30sec","resourses":[],"preview":"/course/react-native-the-practical-guide/preview/lecture/logging-users-in","url":"/course/react-native-the-practical-guide/learn/lecture/logging-users-in","video":""},{"title":"Authentication Error Handling","duration":"03m 49sec","resourses":[],"preview":"/course/react-native-the-practical-guide/preview/lecture/authentication-error-handling","url":"/course/react-native-the-practical-guide/learn/lecture/authentication-error-handling","video":""},{"title":"Storing & Managing the User Authentication State (with Context)","duration":"07m 13sec","resourses":[],"preview":"/course/react-native-the-practical-guide/preview/lecture/storing-and-managing-the-user-authentication-state-(with-context)","url":"/course/react-native-the-practical-guide/learn/lecture/storing-and-managing-the-user-authentication-state-(with-context)","video":""},{"title":"Extracting the Authentication Token","duration":"04m 16sec","resourses":[],"preview":"/course/react-native-the-practical-guide/preview/lecture/extracting-the-authentication-token","url":"/course/react-native-the-practical-guide/learn/lecture/extracting-the-authentication-token","video":""},{"title":"Protecting Screens","duration":"06m 57sec","resourses":[],"preview":"/course/react-native-the-practical-guide/preview/lecture/protecting-screens","url":"/course/react-native-the-practical-guide/learn/lecture/protecting-screens","video":""},{"title":"Adding a Logout Functionality","duration":"03m 38sec","resourses":[],"preview":"/course/react-native-the-practical-guide/preview/lecture/adding-a-logout-functionality","url":"/course/react-native-the-practical-guide/learn/lecture/adding-a-logout-functionality","video":""},{"title":"Accessing Protected Resources","duration":"10m 17sec","resourses":[],"preview":"/course/react-native-the-practical-guide/preview/lecture/accessing-protected-resources","url":"/course/react-native-the-practical-guide/learn/lecture/accessing-protected-resources","video":""},{"title":"Storing Auth Tokens on the Device & Logging Users In Automatically","duration":"11m 46sec","resourses":[],"preview":"/course/react-native-the-practical-guide/preview/lecture/storing-auth-tokens-on-the-device-and-logging-users-in-automatically","url":"/course/react-native-the-practical-guide/learn/lecture/storing-auth-tokens-on-the-device-and-logging-users-in-automatically","video":""},{"title":"A Note About Token Expiration","duration":"01m 34sec","resourses":[],"preview":"/course/react-native-the-practical-guide/preview/lecture/a-note-about-token-expiration","url":"/course/react-native-the-practical-guide/learn/lecture/a-note-about-token-expiration","video":""},{"title":"Module Summary","duration":"02m 12sec","resourses":[],"preview":"/course/react-native-the-practical-guide/preview/lecture/module-summary","url":"/course/react-native-the-practical-guide/learn/lecture/module-summary","video":""}]},{"title":"Using Native Device Features (Camera, Location & More)","total":33,"duration":"04h 01m","lessons":[{"title":"Module Introduction","duration":"02m 37sec","resourses":[],"preview":"/course/react-native-the-practical-guide/preview/lecture/module-introduction","url":"/course/react-native-the-practical-guide/learn/lecture/module-introduction","video":""},{"title":"Adding a \"Favorite Places\" List","duration":"08m 54sec","resourses":[],"preview":"/course/react-native-the-practical-guide/preview/lecture/adding-a-\"favorite-places\"-list","url":"/course/react-native-the-practical-guide/learn/lecture/adding-a-\"favorite-places\"-list","video":""},{"title":"Editing the Favorite Place Items","duration":"07m 59sec","resourses":[],"preview":"/course/react-native-the-practical-guide/preview/lecture/editing-the-favorite-place-items","url":"/course/react-native-the-practical-guide/learn/lecture/editing-the-favorite-place-items","video":""},{"title":"Adding an \"Add Place\" Screen + Navigation","duration":"06m 34sec","resourses":[],"preview":"/course/react-native-the-practical-guide/preview/lecture/adding-an-\"add-place\"-screen-+-navigation","url":"/course/react-native-the-practical-guide/learn/lecture/adding-an-\"add-place\"-screen-+-navigation","video":""},{"title":"Adding a Header Button","duration":"07m 17sec","resourses":[],"preview":"/course/react-native-the-practical-guide/preview/lecture/adding-a-header-button","url":"/course/react-native-the-practical-guide/learn/lecture/adding-a-header-button","video":""},{"title":"Global Colors & Styling","duration":"05m 03sec","resourses":[],"preview":"/course/react-native-the-practical-guide/preview/lecture/global-colors-and-styling","url":"/course/react-native-the-practical-guide/learn/lecture/global-colors-and-styling","video":""},{"title":"Getting Started with a Custom Form","duration":"05m 59sec","resourses":[],"preview":"/course/react-native-the-practical-guide/preview/lecture/getting-started-with-a-custom-form","url":"/course/react-native-the-practical-guide/learn/lecture/getting-started-with-a-custom-form","video":""},{"title":"Adding & Configuring the Camera Package (for Native Camera Access)","duration":"06m 19sec","resourses":[],"preview":"/course/react-native-the-practical-guide/preview/lecture/adding-and-configuring-the-camera-package-(for-native-camera-access)","url":"/course/react-native-the-practical-guide/learn/lecture/adding-and-configuring-the-camera-package-(for-native-camera-access)","video":""},{"title":"Taking Photos on Android","duration":"06m 08sec","resourses":[],"preview":"/course/react-native-the-practical-guide/preview/lecture/taking-photos-on-android","url":"/course/react-native-the-practical-guide/learn/lecture/taking-photos-on-android","video":""},{"title":"Taking Photos on iOS + Managing Permissions","duration":"08m 28sec","resourses":[],"preview":"/course/react-native-the-practical-guide/preview/lecture/taking-photos-on-ios-+-managing-permissions","url":"/course/react-native-the-practical-guide/learn/lecture/taking-photos-on-ios-+-managing-permissions","video":""},{"title":"Showing an Image Preview","duration":"06m 41sec","resourses":[],"preview":"/course/react-native-the-practical-guide/preview/lecture/showing-an-image-preview","url":"/course/react-native-the-practical-guide/learn/lecture/showing-an-image-preview","video":""},{"title":"Creating a Custom Button","duration":"06m 00sec","resourses":[],"preview":"/course/react-native-the-practical-guide/preview/lecture/creating-a-custom-button","url":"/course/react-native-the-practical-guide/learn/lecture/creating-a-custom-button","video":""},{"title":"Getting Started with the Location Picker","duration":"05m 33sec","resourses":[],"preview":"/course/react-native-the-practical-guide/preview/lecture/getting-started-with-the-location-picker","url":"/course/react-native-the-practical-guide/learn/lecture/getting-started-with-the-location-picker","video":""},{"title":"Locating Users","duration":"09m 06sec","resourses":[],"preview":"/course/react-native-the-practical-guide/preview/lecture/locating-users","url":"/course/react-native-the-practical-guide/learn/lecture/locating-users","video":""},{"title":"Adding a Location Preview Map","duration":"12m 25sec","resourses":[],"preview":"/course/react-native-the-practical-guide/preview/lecture/adding-a-location-preview-map","url":"/course/react-native-the-practical-guide/learn/lecture/adding-a-location-preview-map","video":""},{"title":"Adding an Interactive Map (Google Maps & Apple Maps)","duration":"08m 32sec","resourses":[],"preview":"/course/react-native-the-practical-guide/preview/lecture/adding-an-interactive-map-(google-maps-and-apple-maps)","url":"/course/react-native-the-practical-guide/learn/lecture/adding-an-interactive-map-(google-maps-and-apple-maps)","video":""},{"title":"Allowing Map Interaction & Adding Markers","duration":"05m 10sec","resourses":[],"preview":"/course/react-native-the-practical-guide/preview/lecture/allowing-map-interaction-and-adding-markers","url":"/course/react-native-the-practical-guide/learn/lecture/allowing-map-interaction-and-adding-markers","video":""},{"title":"Confirming Picked Locations","duration":"07m 38sec","resourses":[],"preview":"/course/react-native-the-practical-guide/preview/lecture/confirming-picked-locations","url":"/course/react-native-the-practical-guide/learn/lecture/confirming-picked-locations","video":""},{"title":"Previewing Picked Locations","duration":"09m 15sec","resourses":[],"preview":"/course/react-native-the-practical-guide/preview/lecture/previewing-picked-locations","url":"/course/react-native-the-practical-guide/learn/lecture/previewing-picked-locations","video":""},{"title":"Adding a Form Submit Button","duration":"04m 44sec","resourses":[],"preview":"/course/react-native-the-practical-guide/preview/lecture/adding-a-form-submit-button","url":"/course/react-native-the-practical-guide/learn/lecture/adding-a-form-submit-button","video":""},{"title":"Managing Location & Image State in the Form","duration":"09m 30sec","resourses":[],"preview":"/course/react-native-the-practical-guide/preview/lecture/managing-location-and-image-state-in-the-form","url":"/course/react-native-the-practical-guide/learn/lecture/managing-location-and-image-state-in-the-form","video":""},{"title":"Converting Picked Locations to Human-Readable Addresses","duration":"09m 45sec","resourses":[],"preview":"/course/react-native-the-practical-guide/preview/lecture/converting-picked-locations-to-human-readable-addresses","url":"/course/react-native-the-practical-guide/learn/lecture/converting-picked-locations-to-human-readable-addresses","video":""},{"title":"Passing Entered Data to the \"AllPlaces\" Screen","duration":"05m 20sec","resourses":[],"preview":"/course/react-native-the-practical-guide/preview/lecture/passing-entered-data-to-the-\"allplaces\"-screen","url":"/course/react-native-the-practical-guide/learn/lecture/passing-entered-data-to-the-\"allplaces\"-screen","video":""},{"title":"Outputting a List Of Places","duration":"04m 39sec","resourses":[],"preview":"/course/react-native-the-practical-guide/preview/lecture/outputting-a-list-of-places","url":"/course/react-native-the-practical-guide/learn/lecture/outputting-a-list-of-places","video":""},{"title":"Styling Place Items","duration":"06m 29sec","resourses":[],"preview":"/course/react-native-the-practical-guide/preview/lecture/styling-place-items","url":"/course/react-native-the-practical-guide/learn/lecture/styling-place-items","video":""},{"title":"SQLite: Getting Started & Initialization","duration":"16m 11sec","resourses":[],"preview":"/course/react-native-the-practical-guide/preview/lecture/sqlite:-getting-started-and-initialization","url":"/course/react-native-the-practical-guide/learn/lecture/sqlite:-getting-started-and-initialization","video":""},{"title":"Preparing Code to Insert Data into the SQLite Database","duration":"07m 09sec","resourses":[],"preview":"/course/react-native-the-practical-guide/preview/lecture/preparing-code-to-insert-data-into-the-sqlite-database","url":"/course/react-native-the-practical-guide/learn/lecture/preparing-code-to-insert-data-into-the-sqlite-database","video":""},{"title":"Inserting Places into the Database","duration":"03m 17sec","resourses":[],"preview":"/course/react-native-the-practical-guide/preview/lecture/inserting-places-into-the-database","url":"/course/react-native-the-practical-guide/learn/lecture/inserting-places-into-the-database","video":""},{"title":"Fetching Places from the Database","duration":"09m 35sec","resourses":[],"preview":"/course/react-native-the-practical-guide/preview/lecture/fetching-places-from-the-database","url":"/course/react-native-the-practical-guide/learn/lecture/fetching-places-from-the-database","video":""},{"title":"Adding the Place Details Screen","duration":"09m 15sec","resourses":[],"preview":"/course/react-native-the-practical-guide/preview/lecture/adding-the-place-details-screen","url":"/course/react-native-the-practical-guide/learn/lecture/adding-the-place-details-screen","video":""},{"title":"Fetching Place Detail Data from the Database","duration":"08m 36sec","resourses":[],"preview":"/course/react-native-the-practical-guide/preview/lecture/fetching-place-detail-data-from-the-database","url":"/course/react-native-the-practical-guide/learn/lecture/fetching-place-detail-data-from-the-database","video":""},{"title":"Showing a Readonly Map","duration":"09m 09sec","resourses":[],"preview":"/course/react-native-the-practical-guide/preview/lecture/showing-a-readonly-map","url":"/course/react-native-the-practical-guide/learn/lecture/showing-a-readonly-map","video":""},{"title":"Module Summary","duration":"02m 28sec","resourses":[],"preview":"/course/react-native-the-practical-guide/preview/lecture/module-summary","url":"/course/react-native-the-practical-guide/learn/lecture/module-summary","video":""}]},{"title":"Building React Native Apps Without Expo","total":10,"duration":"49m 29sec","lessons":[{"title":"Module Introduction","duration":"01m 30sec","resourses":[],"preview":"/course/react-native-the-practical-guide/preview/lecture/module-introduction","url":"/course/react-native-the-practical-guide/learn/lecture/module-introduction","video":""},{"title":"How Exactly Does Expo Work?","duration":"04m 20sec","resourses":[],"preview":"/course/react-native-the-practical-guide/preview/lecture/how-exactly-does-expo-work","url":"/course/react-native-the-practical-guide/learn/lecture/how-exactly-does-expo-work","video":""},{"title":"Expo Alternatives","duration":"05m 33sec","resourses":[],"preview":"/course/react-native-the-practical-guide/preview/lecture/expo-alternatives","url":"/course/react-native-the-practical-guide/learn/lecture/expo-alternatives","video":""},{"title":"Setting Up Our System","duration":"04m 43sec","resourses":[],"preview":"/course/react-native-the-practical-guide/preview/lecture/setting-up-our-system","url":"/course/react-native-the-practical-guide/learn/lecture/setting-up-our-system","video":""},{"title":"Using Expo's Bare Workflow","duration":"07m 48sec","resourses":[],"preview":"/course/react-native-the-practical-guide/preview/lecture/using-expo's-bare-workflow","url":"/course/react-native-the-practical-guide/learn/lecture/using-expo's-bare-workflow","video":""},{"title":"Using Native Device Features with the Bare Workflow","duration":"07m 26sec","resourses":[],"preview":"/course/react-native-the-practical-guide/preview/lecture/using-native-device-features-with-the-bare-workflow","url":"/course/react-native-the-practical-guide/learn/lecture/using-native-device-features-with-the-bare-workflow","video":""},{"title":"Ejecting To The Bare Workflow","duration":"05m 41sec","resourses":[],"preview":"/course/react-native-the-practical-guide/preview/lecture/ejecting-to-the-bare-workflow","url":"/course/react-native-the-practical-guide/learn/lecture/ejecting-to-the-bare-workflow","video":""},{"title":"Creating Projects with the React Native CLI (no Expo)","duration":"07m 11sec","resourses":[],"preview":"/course/react-native-the-practical-guide/preview/lecture/creating-projects-with-the-react-native-cli-(no-expo)","url":"/course/react-native-the-practical-guide/learn/lecture/creating-projects-with-the-react-native-cli-(no-expo)","video":""},{"title":"Non-Expo Apps & Native Device Features","duration":"03m 27sec","resourses":[],"preview":"/course/react-native-the-practical-guide/preview/lecture/non-expo-apps-and-native-device-features","url":"/course/react-native-the-practical-guide/learn/lecture/non-expo-apps-and-native-device-features","video":""},{"title":"Module Summary","duration":"01m 50sec","resourses":[],"preview":"/course/react-native-the-practical-guide/preview/lecture/module-summary","url":"/course/react-native-the-practical-guide/learn/lecture/module-summary","video":""}]},{"title":"Publishing React Native Apps","total":11,"duration":"01h 11m","lessons":[{"title":"Module Introduction","duration":"01m 36sec","resourses":[],"preview":"/course/react-native-the-practical-guide/preview/lecture/module-introduction","url":"/course/react-native-the-practical-guide/learn/lecture/module-introduction","video":""},{"title":"Publishing Apps: An Overview","duration":"04m 05sec","resourses":[],"preview":"/course/react-native-the-practical-guide/preview/lecture/publishing-apps:-an-overview","url":"/course/react-native-the-practical-guide/learn/lecture/publishing-apps:-an-overview","video":""},{"title":"Key Configuration Items & Considerations","duration":"02m 30sec","resourses":[],"preview":"/course/react-native-the-practical-guide/preview/lecture/key-configuration-items-and-considerations","url":"/course/react-native-the-practical-guide/learn/lecture/key-configuration-items-and-considerations","video":""},{"title":"Configuring App Names & Versions","duration":"08m 16sec","resourses":[],"preview":"/course/react-native-the-practical-guide/preview/lecture/configuring-app-names-and-versions","url":"/course/react-native-the-practical-guide/learn/lecture/configuring-app-names-and-versions","video":""},{"title":"A Quick Note About Environment Variables","duration":"01m 51sec","resourses":[],"preview":"/course/react-native-the-practical-guide/preview/lecture/a-quick-note-about-environment-variables","url":"/course/react-native-the-practical-guide/learn/lecture/a-quick-note-about-environment-variables","video":""},{"title":"Adding Icons & A Splash Screen","duration":"03m 40sec","resourses":[],"preview":"/course/react-native-the-practical-guide/preview/lecture/adding-icons-and-a-splash-screen","url":"/course/react-native-the-practical-guide/learn/lecture/adding-icons-and-a-splash-screen","video":""},{"title":"Building Expo Apps with EAS","duration":"14m 31sec","resourses":[],"preview":"/course/react-native-the-practical-guide/preview/lecture/building-expo-apps-with-eas","url":"/course/react-native-the-practical-guide/learn/lecture/building-expo-apps-with-eas","video":""},{"title":"EAS for iOS (even on Windows Devices)","duration":"16m 46sec","resourses":[],"preview":"/course/react-native-the-practical-guide/preview/lecture/eas-for-ios-(even-on-windows-devices)","url":"/course/react-native-the-practical-guide/learn/lecture/eas-for-ios-(even-on-windows-devices)","video":""},{"title":"Building for iOS Without Expo","duration":"10m 23sec","resourses":[],"preview":"/course/react-native-the-practical-guide/preview/lecture/building-for-ios-without-expo","url":"/course/react-native-the-practical-guide/learn/lecture/building-for-ios-without-expo","video":""},{"title":"Building for Android Without Expo","duration":"07m 21sec","resourses":[],"preview":"/course/react-native-the-practical-guide/preview/lecture/building-for-android-without-expo","url":"/course/react-native-the-practical-guide/learn/lecture/building-for-android-without-expo","video":""},{"title":"Configuring Android Apps","duration":"24sec","resourses":[],"preview":"/course/react-native-the-practical-guide/preview/lecture/configuring-android-apps","url":"/course/react-native-the-practical-guide/learn/lecture/configuring-android-apps","video":""}]},{"title":"Push Notifications","total":14,"duration":"01h 05m","lessons":[{"title":"Module Introduction","duration":"01m 02sec","resourses":[],"preview":"/course/react-native-the-practical-guide/preview/lecture/module-introduction","url":"/course/react-native-the-practical-guide/learn/lecture/module-introduction","video":""},{"title":"What are (Local) Notifications?","duration":"02m 08sec","resourses":[],"preview":"/course/react-native-the-practical-guide/preview/lecture/what-are-(local)-notifications","url":"/course/react-native-the-practical-guide/learn/lecture/what-are-(local)-notifications","video":""},{"title":"Adding the Expo Notification Package","duration":"06m 11sec","resourses":[],"preview":"/course/react-native-the-practical-guide/preview/lecture/adding-the-expo-notification-package","url":"/course/react-native-the-practical-guide/learn/lecture/adding-the-expo-notification-package","video":""},{"title":"Scheduling Notifications","duration":"06m 05sec","resourses":[],"preview":"/course/react-native-the-practical-guide/preview/lecture/scheduling-notifications","url":"/course/react-native-the-practical-guide/learn/lecture/scheduling-notifications","video":""},{"title":"Configuring Scheduled Notifications","duration":"38sec","resourses":[],"preview":"/course/react-native-the-practical-guide/preview/lecture/configuring-scheduled-notifications","url":"/course/react-native-the-practical-guide/learn/lecture/configuring-scheduled-notifications","video":""},{"title":"Handling Incoming Notifications","duration":"05m 22sec","resourses":[],"preview":"/course/react-native-the-practical-guide/preview/lecture/handling-incoming-notifications","url":"/course/react-native-the-practical-guide/learn/lecture/handling-incoming-notifications","video":""},{"title":"Local Notifications - Permissions","duration":"32sec","resourses":[],"preview":"/course/react-native-the-practical-guide/preview/lecture/local-notifications-permissions","url":"/course/react-native-the-practical-guide/learn/lecture/local-notifications-permissions","video":""},{"title":"Reacting To Incoming Notifications","duration":"07m 10sec","resourses":[],"preview":"/course/react-native-the-practical-guide/preview/lecture/reacting-to-incoming-notifications","url":"/course/react-native-the-practical-guide/learn/lecture/reacting-to-incoming-notifications","video":""},{"title":"Reacting To User Interaction With Incoming Notifications","duration":"04m 51sec","resourses":[],"preview":"/course/react-native-the-practical-guide/preview/lecture/reacting-to-user-interaction-with-incoming-notifications","url":"/course/react-native-the-practical-guide/learn/lecture/reacting-to-user-interaction-with-incoming-notifications","video":""},{"title":"Understanding Push Notifications","duration":"06m 40sec","resourses":[],"preview":"/course/react-native-the-practical-guide/preview/lecture/understanding-push-notifications","url":"/course/react-native-the-practical-guide/learn/lecture/understanding-push-notifications","video":""},{"title":"Push Notifications Setup","duration":"05m 12sec","resourses":[],"preview":"/course/react-native-the-practical-guide/preview/lecture/push-notifications-setup","url":"/course/react-native-the-practical-guide/learn/lecture/push-notifications-setup","video":""},{"title":"Using the Push Token","duration":"08m 54sec","resourses":[],"preview":"/course/react-native-the-practical-guide/preview/lecture/using-the-push-token","url":"/course/react-native-the-practical-guide/learn/lecture/using-the-push-token","video":""},{"title":"Sending Push Notifications","duration":"08m 42sec","resourses":[],"preview":"/course/react-native-the-practical-guide/preview/lecture/sending-push-notifications","url":"/course/react-native-the-practical-guide/learn/lecture/sending-push-notifications","video":""},{"title":"Module Summary","duration":"02m 24sec","resourses":[],"preview":"/course/react-native-the-practical-guide/preview/lecture/module-summary","url":"/course/react-native-the-practical-guide/learn/lecture/module-summary","video":""}]},{"title":"Course Roundup","total":1,"duration":"55sec","lessons":[{"title":"Course Roundup","duration":"55sec","resourses":[],"preview":"/course/react-native-the-practical-guide/preview/lecture/course-roundup","url":"/course/react-native-the-practical-guide/learn/lecture/course-roundup","video":""}]},{"title":"Bonus: JavaScript Refresher","total":14,"duration":"50m 02sec","lessons":[{"title":"Module Introduction","duration":"01m 36sec","resourses":[],"preview":"/course/react-native-the-practical-guide/preview/lecture/module-introduction","url":"/course/react-native-the-practical-guide/learn/lecture/module-introduction","video":""},{"title":"JavaScript - A Summary","duration":"02m 35sec","resourses":[],"preview":"/course/react-native-the-practical-guide/preview/lecture/javascript-a-summary","url":"/course/react-native-the-practical-guide/learn/lecture/javascript-a-summary","video":""},{"title":"Project Setup","duration":"07sec","resourses":[],"preview":"/course/react-native-the-practical-guide/preview/lecture/project-setup","url":"/course/react-native-the-practical-guide/learn/lecture/project-setup","video":""},{"title":"Core Syntax Refresher","duration":"04m 34sec","resourses":[],"preview":"/course/react-native-the-practical-guide/preview/lecture/core-syntax-refresher","url":"/course/react-native-the-practical-guide/learn/lecture/core-syntax-refresher","video":""},{"title":"let & const","duration":"02m 27sec","resourses":[],"preview":"/course/react-native-the-practical-guide/preview/lecture/let-and-const","url":"/course/react-native-the-practical-guide/learn/lecture/let-and-const","video":""},{"title":"Arrow Functions","duration":"05m 17sec","resourses":[],"preview":"/course/react-native-the-practical-guide/preview/lecture/arrow-functions","url":"/course/react-native-the-practical-guide/learn/lecture/arrow-functions","video":""},{"title":"Objects: Properties & Methods","duration":"03m 19sec","resourses":[],"preview":"/course/react-native-the-practical-guide/preview/lecture/objects:-properties-and-methods","url":"/course/react-native-the-practical-guide/learn/lecture/objects:-properties-and-methods","video":""},{"title":"Arrays & Array Methods","duration":"04m 16sec","resourses":[],"preview":"/course/react-native-the-practical-guide/preview/lecture/arrays-and-array-methods","url":"/course/react-native-the-practical-guide/learn/lecture/arrays-and-array-methods","video":""},{"title":"Arrays, Objects & Reference Types","duration":"02m 13sec","resourses":[],"preview":"/course/react-native-the-practical-guide/preview/lecture/arrays-objects-and-reference-types","url":"/course/react-native-the-practical-guide/learn/lecture/arrays-objects-and-reference-types","video":""},{"title":"Spread Operator & Rest Parameters","duration":"06m 40sec","resourses":[],"preview":"/course/react-native-the-practical-guide/preview/lecture/spread-operator-and-rest-parameters","url":"/course/react-native-the-practical-guide/learn/lecture/spread-operator-and-rest-parameters","video":""},{"title":"Destructuring","duration":"05m 37sec","resourses":[],"preview":"/course/react-native-the-practical-guide/preview/lecture/destructuring","url":"/course/react-native-the-practical-guide/learn/lecture/destructuring","video":""},{"title":"Async Code & Promises","duration":"10m 28sec","resourses":[],"preview":"/course/react-native-the-practical-guide/preview/lecture/async-code-and-promises","url":"/course/react-native-the-practical-guide/learn/lecture/async-code-and-promises","video":""},{"title":"Wrap Up","duration":"50sec","resourses":[],"preview":"/course/react-native-the-practical-guide/preview/lecture/wrap-up","url":"/course/react-native-the-practical-guide/learn/lecture/wrap-up","video":""},{"title":"Module Resources","duration":"02sec","resourses":[],"preview":"/course/react-native-the-practical-guide/preview/lecture/module-resources","url":"/course/react-native-the-practical-guide/learn/lecture/module-resources","video":""}]},{"title":"Bonus: React.js Refresher","total":15,"duration":"01h 05m","lessons":[{"title":"Module Introduction","duration":"01m 12sec","resourses":[],"preview":"/course/react-native-the-practical-guide/preview/lecture/module-introduction","url":"/course/react-native-the-practical-guide/learn/lecture/module-introduction","video":""},{"title":"What is React","duration":"03m 13sec","resourses":[],"preview":"/course/react-native-the-practical-guide/preview/lecture/what-is-react","url":"/course/react-native-the-practical-guide/learn/lecture/what-is-react","video":""},{"title":"A Starting Project","duration":"04m 03sec","resourses":[],"preview":"/course/react-native-the-practical-guide/preview/lecture/a-starting-project","url":"/course/react-native-the-practical-guide/learn/lecture/a-starting-project","video":""},{"title":"Understanding JSX","duration":"05m 31sec","resourses":[],"preview":"/course/react-native-the-practical-guide/preview/lecture/understanding-jsx","url":"/course/react-native-the-practical-guide/learn/lecture/understanding-jsx","video":""},{"title":"Understanding Components","duration":"02m 50sec","resourses":[],"preview":"/course/react-native-the-practical-guide/preview/lecture/understanding-components","url":"/course/react-native-the-practical-guide/learn/lecture/understanding-components","video":""},{"title":"Working with Multiple Components","duration":"07m 04sec","resourses":[],"preview":"/course/react-native-the-practical-guide/preview/lecture/working-with-multiple-components","url":"/course/react-native-the-practical-guide/learn/lecture/working-with-multiple-components","video":""},{"title":"Working with Props","duration":"06m 52sec","resourses":[],"preview":"/course/react-native-the-practical-guide/preview/lecture/working-with-props","url":"/course/react-native-the-practical-guide/learn/lecture/working-with-props","video":""},{"title":"Rendering Lists of Data","duration":"04m 30sec","resourses":[],"preview":"/course/react-native-the-practical-guide/preview/lecture/rendering-lists-of-data","url":"/course/react-native-the-practical-guide/learn/lecture/rendering-lists-of-data","video":""},{"title":"Handling Events","duration":"07m 24sec","resourses":[],"preview":"/course/react-native-the-practical-guide/preview/lecture/handling-events","url":"/course/react-native-the-practical-guide/learn/lecture/handling-events","video":""},{"title":"Parent-Child Communication","duration":"04m 38sec","resourses":[],"preview":"/course/react-native-the-practical-guide/preview/lecture/parent-child-communication","url":"/course/react-native-the-practical-guide/learn/lecture/parent-child-communication","video":""},{"title":"Managing State","duration":"05m 54sec","resourses":[],"preview":"/course/react-native-the-practical-guide/preview/lecture/managing-state","url":"/course/react-native-the-practical-guide/learn/lecture/managing-state","video":""},{"title":"More on State","duration":"04m 20sec","resourses":[],"preview":"/course/react-native-the-practical-guide/preview/lecture/more-on-state","url":"/course/react-native-the-practical-guide/learn/lecture/more-on-state","video":""},{"title":"User Input & Two-Way Binding","duration":"05m 52sec","resourses":[],"preview":"/course/react-native-the-practical-guide/preview/lecture/user-input-and-two-way-binding","url":"/course/react-native-the-practical-guide/learn/lecture/user-input-and-two-way-binding","video":""},{"title":"Wrap Up","duration":"02m 11sec","resourses":[],"preview":"/course/react-native-the-practical-guide/preview/lecture/wrap-up","url":"/course/react-native-the-practical-guide/learn/lecture/wrap-up","video":""},{"title":"Module Resources","duration":"02sec","resourses":[],"preview":"/course/react-native-the-practical-guide/preview/lecture/module-resources","url":"/course/react-native-the-practical-guide/learn/lecture/module-resources","video":""}]},{"title":"Bonus","total":4,"duration":"10m 04sec","lessons":[{"title":"Legacy Course Content","duration":"29sec","resourses":[],"preview":"/course/react-native-the-practical-guide/preview/lecture/legacy-course-content","url":"/course/react-native-the-practical-guide/learn/lecture/legacy-course-content","video":""},{"title":"This Course Was Updated | Update Information","duration":"07m 16sec","resourses":[],"preview":"/course/react-native-the-practical-guide/preview/lecture/this-course-was-updated-or-update-information","url":"/course/react-native-the-practical-guide/learn/lecture/this-course-was-updated-or-update-information","video":""},{"title":"Course Update Information & FAQs","duration":"01m 57sec","resourses":[],"preview":"/course/react-native-the-practical-guide/preview/lecture/course-update-information-and-faqs","url":"/course/react-native-the-practical-guide/learn/lecture/course-update-information-and-faqs","video":""},{"title":"Bonus: More Content!","duration":"21sec","resourses":[],"preview":"/course/react-native-the-practical-guide/preview/lecture/bonus:-more-content!","url":"/course/react-native-the-practical-guide/learn/lecture/bonus:-more-content!","video":""}]}]}