{"duration":"69h 00m duration","total":320,"sections":[{"title":"Welcome, Welcome, Welcome!","total":5,"duration":"22m 22sec","lessons":[{"title":"Course Structure and Projects","duration":"05m 25sec","resourses":[],"preview":"/course/the-complete-javascript-course/preview/lecture/course-structure-and-projects","url":"/course/the-complete-javascript-course/learn/lecture/course-structure-and-projects","video":""},{"title":"Read Before You Start!","duration":"34sec","resourses":[],"preview":"/course/the-complete-javascript-course/preview/lecture/read-before-you-start!","url":"/course/the-complete-javascript-course/learn/lecture/read-before-you-start!","video":""},{"title":"Watch Before You Start!","duration":"06m 09sec","resourses":[],"preview":"/course/the-complete-javascript-course/preview/lecture/watch-before-you-start!","url":"/course/the-complete-javascript-course/learn/lecture/watch-before-you-start!","video":""},{"title":"Migration Guide to v2 + Old Course","duration":"01m 51sec","resourses":[],"preview":"/course/the-complete-javascript-course/preview/lecture/migration-guide-to-v2-+-old-course","url":"/course/the-complete-javascript-course/learn/lecture/migration-guide-to-v2-+-old-course","video":""},{"title":"Setting Up Our Code Editor","duration":"08m 23sec","resourses":[],"preview":"/course/the-complete-javascript-course/preview/lecture/setting-up-our-code-editor","url":"/course/the-complete-javascript-course/learn/lecture/setting-up-our-code-editor","video":""}]},{"title":"JavaScript Fundamentals – Part 1","total":25,"duration":"04h 40m","lessons":[{"title":"Section Intro","duration":"53sec","resourses":[],"preview":"/course/the-complete-javascript-course/preview/lecture/section-intro","url":"/course/the-complete-javascript-course/learn/lecture/section-intro","video":""},{"title":"Hello World!","duration":"05m 57sec","resourses":[],"preview":"/course/the-complete-javascript-course/preview/lecture/hello-world!","url":"/course/the-complete-javascript-course/learn/lecture/hello-world!","video":""},{"title":"A Brief Introduction to JavaScript","duration":"11m 18sec","resourses":[],"preview":"/course/the-complete-javascript-course/preview/lecture/a-brief-introduction-to-javascript","url":"/course/the-complete-javascript-course/learn/lecture/a-brief-introduction-to-javascript","video":""},{"title":"Linking a JavaScript File","duration":"15m 55sec","resourses":[],"preview":"/course/the-complete-javascript-course/preview/lecture/linking-a-javascript-file","url":"/course/the-complete-javascript-course/learn/lecture/linking-a-javascript-file","video":""},{"title":"Values and Variables","duration":"16m 05sec","resourses":[],"preview":"/course/the-complete-javascript-course/preview/lecture/values-and-variables","url":"/course/the-complete-javascript-course/learn/lecture/values-and-variables","video":""},{"title":"Practice Assignments","duration":"23sec","resourses":[],"preview":"/course/the-complete-javascript-course/preview/lecture/practice-assignments","url":"/course/the-complete-javascript-course/learn/lecture/practice-assignments","video":""},{"title":"Data Types","duration":"19m 19sec","resourses":[],"preview":"/course/the-complete-javascript-course/preview/lecture/data-types","url":"/course/the-complete-javascript-course/learn/lecture/data-types","video":""},{"title":"let, const and var","duration":"09m 58sec","resourses":[],"preview":"/course/the-complete-javascript-course/preview/lecture/let-const-and-var","url":"/course/the-complete-javascript-course/learn/lecture/let-const-and-var","video":""},{"title":"Basic Operators","duration":"19m 31sec","resourses":[],"preview":"/course/the-complete-javascript-course/preview/lecture/basic-operators","url":"/course/the-complete-javascript-course/learn/lecture/basic-operators","video":""},{"title":"Operator Precedence","duration":"11m 19sec","resourses":[],"preview":"/course/the-complete-javascript-course/preview/lecture/operator-precedence","url":"/course/the-complete-javascript-course/learn/lecture/operator-precedence","video":""},{"title":"Coding Challenge #1","duration":"10m 28sec","resourses":[],"preview":"/course/the-complete-javascript-course/preview/lecture/coding-challenge-1","url":"/course/the-complete-javascript-course/learn/lecture/coding-challenge-1","video":""},{"title":"Strings and Template Literals","duration":"10m 57sec","resourses":[],"preview":"/course/the-complete-javascript-course/preview/lecture/strings-and-template-literals","url":"/course/the-complete-javascript-course/learn/lecture/strings-and-template-literals","video":""},{"title":"Taking Decisions: if / else Statements","duration":"12m 50sec","resourses":[],"preview":"/course/the-complete-javascript-course/preview/lecture/taking-decisions:-if-else-statements","url":"/course/the-complete-javascript-course/learn/lecture/taking-decisions:-if-else-statements","video":""},{"title":"Coding Challenge #2","duration":"06m 21sec","resourses":[],"preview":"/course/the-complete-javascript-course/preview/lecture/coding-challenge-2","url":"/course/the-complete-javascript-course/learn/lecture/coding-challenge-2","video":""},{"title":"Type Conversion and Coercion","duration":"16m 40sec","resourses":[],"preview":"/course/the-complete-javascript-course/preview/lecture/type-conversion-and-coercion","url":"/course/the-complete-javascript-course/learn/lecture/type-conversion-and-coercion","video":""},{"title":"Truthy and Falsy Values","duration":"10m 03sec","resourses":[],"preview":"/course/the-complete-javascript-course/preview/lecture/truthy-and-falsy-values","url":"/course/the-complete-javascript-course/learn/lecture/truthy-and-falsy-values","video":""},{"title":"Equality Operators: == vs. ===","duration":"15m 41sec","resourses":[],"preview":"/course/the-complete-javascript-course/preview/lecture/equality-operators:-vs.","url":"/course/the-complete-javascript-course/learn/lecture/equality-operators:-vs.","video":""},{"title":"Boolean Logic","duration":"08m 30sec","resourses":[],"preview":"/course/the-complete-javascript-course/preview/lecture/boolean-logic","url":"/course/the-complete-javascript-course/learn/lecture/boolean-logic","video":""},{"title":"Logical Operators","duration":"10m 37sec","resourses":[],"preview":"/course/the-complete-javascript-course/preview/lecture/logical-operators","url":"/course/the-complete-javascript-course/learn/lecture/logical-operators","video":""},{"title":"Coding Challenge #3","duration":"15m 07sec","resourses":[],"preview":"/course/the-complete-javascript-course/preview/lecture/coding-challenge-3","url":"/course/the-complete-javascript-course/learn/lecture/coding-challenge-3","video":""},{"title":"The switch Statement","duration":"13m 10sec","resourses":[],"preview":"/course/the-complete-javascript-course/preview/lecture/the-switch-statement","url":"/course/the-complete-javascript-course/learn/lecture/the-switch-statement","video":""},{"title":"Statements and Expressions","duration":"06m 08sec","resourses":[],"preview":"/course/the-complete-javascript-course/preview/lecture/statements-and-expressions","url":"/course/the-complete-javascript-course/learn/lecture/statements-and-expressions","video":""},{"title":"The Conditional (Ternary) Operator","duration":"10m 02sec","resourses":[],"preview":"/course/the-complete-javascript-course/preview/lecture/the-conditional-(ternary)-operator","url":"/course/the-complete-javascript-course/learn/lecture/the-conditional-(ternary)-operator","video":""},{"title":"Coding Challenge #4","duration":"09m 11sec","resourses":[],"preview":"/course/the-complete-javascript-course/preview/lecture/coding-challenge-4","url":"/course/the-complete-javascript-course/learn/lecture/coding-challenge-4","video":""},{"title":"JavaScript Releases: ES5, ES6+ and ESNext","duration":"14m 19sec","resourses":[],"preview":"/course/the-complete-javascript-course/preview/lecture/javascript-releases:-es5-es6+-and-esnext","url":"/course/the-complete-javascript-course/learn/lecture/javascript-releases:-es5-es6+-and-esnext","video":""}]},{"title":"JavaScript Fundamentals – Part 2","total":20,"duration":"04h 32m","lessons":[{"title":"Section Intro","duration":"36sec","resourses":[],"preview":"/course/the-complete-javascript-course/preview/lecture/section-intro","url":"/course/the-complete-javascript-course/learn/lecture/section-intro","video":""},{"title":"Activating Strict Mode","duration":"10m 27sec","resourses":[],"preview":"/course/the-complete-javascript-course/preview/lecture/activating-strict-mode","url":"/course/the-complete-javascript-course/learn/lecture/activating-strict-mode","video":""},{"title":"Functions","duration":"19m 08sec","resourses":[],"preview":"/course/the-complete-javascript-course/preview/lecture/functions","url":"/course/the-complete-javascript-course/learn/lecture/functions","video":""},{"title":"Function Declarations vs. Expressions","duration":"10m 39sec","resourses":[],"preview":"/course/the-complete-javascript-course/preview/lecture/function-declarations-vs.-expressions","url":"/course/the-complete-javascript-course/learn/lecture/function-declarations-vs.-expressions","video":""},{"title":"Arrow Functions","duration":"09m 52sec","resourses":[],"preview":"/course/the-complete-javascript-course/preview/lecture/arrow-functions","url":"/course/the-complete-javascript-course/learn/lecture/arrow-functions","video":""},{"title":"Functions Calling Other Functions","duration":"10m 07sec","resourses":[],"preview":"/course/the-complete-javascript-course/preview/lecture/functions-calling-other-functions","url":"/course/the-complete-javascript-course/learn/lecture/functions-calling-other-functions","video":""},{"title":"Reviewing Functions","duration":"15m 37sec","resourses":[],"preview":"/course/the-complete-javascript-course/preview/lecture/reviewing-functions","url":"/course/the-complete-javascript-course/learn/lecture/reviewing-functions","video":""},{"title":"Coding Challenge #1","duration":"18m 12sec","resourses":[],"preview":"/course/the-complete-javascript-course/preview/lecture/coding-challenge-1","url":"/course/the-complete-javascript-course/learn/lecture/coding-challenge-1","video":""},{"title":"Introduction to Arrays","duration":"21m 34sec","resourses":[],"preview":"/course/the-complete-javascript-course/preview/lecture/introduction-to-arrays","url":"/course/the-complete-javascript-course/learn/lecture/introduction-to-arrays","video":""},{"title":"Basic Array Operations (Methods)","duration":"12m 52sec","resourses":[],"preview":"/course/the-complete-javascript-course/preview/lecture/basic-array-operations-(methods)","url":"/course/the-complete-javascript-course/learn/lecture/basic-array-operations-(methods)","video":""},{"title":"Coding Challenge #2","duration":"09m 36sec","resourses":[],"preview":"/course/the-complete-javascript-course/preview/lecture/coding-challenge-2","url":"/course/the-complete-javascript-course/learn/lecture/coding-challenge-2","video":""},{"title":"Introduction to Objects","duration":"06m 08sec","resourses":[],"preview":"/course/the-complete-javascript-course/preview/lecture/introduction-to-objects","url":"/course/the-complete-javascript-course/learn/lecture/introduction-to-objects","video":""},{"title":"Dot vs. Bracket Notation","duration":"19m 21sec","resourses":[],"preview":"/course/the-complete-javascript-course/preview/lecture/dot-vs.-bracket-notation","url":"/course/the-complete-javascript-course/learn/lecture/dot-vs.-bracket-notation","video":""},{"title":"Object Methods","duration":"23m 04sec","resourses":[],"preview":"/course/the-complete-javascript-course/preview/lecture/object-methods","url":"/course/the-complete-javascript-course/learn/lecture/object-methods","video":""},{"title":"Coding Challenge #3","duration":"12m 58sec","resourses":[],"preview":"/course/the-complete-javascript-course/preview/lecture/coding-challenge-3","url":"/course/the-complete-javascript-course/learn/lecture/coding-challenge-3","video":""},{"title":"Iteration: The for Loop","duration":"11m 11sec","resourses":[],"preview":"/course/the-complete-javascript-course/preview/lecture/iteration:-the-for-loop","url":"/course/the-complete-javascript-course/learn/lecture/iteration:-the-for-loop","video":""},{"title":"Looping Arrays, Breaking and Continuing","duration":"22m 02sec","resourses":[],"preview":"/course/the-complete-javascript-course/preview/lecture/looping-arrays-breaking-and-continuing","url":"/course/the-complete-javascript-course/learn/lecture/looping-arrays-breaking-and-continuing","video":""},{"title":"Looping Backwards and Loops in Loops","duration":"11m 53sec","resourses":[],"preview":"/course/the-complete-javascript-course/preview/lecture/looping-backwards-and-loops-in-loops","url":"/course/the-complete-javascript-course/learn/lecture/looping-backwards-and-loops-in-loops","video":""},{"title":"The while Loop","duration":"11m 52sec","resourses":[],"preview":"/course/the-complete-javascript-course/preview/lecture/the-while-loop","url":"/course/the-complete-javascript-course/learn/lecture/the-while-loop","video":""},{"title":"Coding Challenge #4","duration":"15m 35sec","resourses":[],"preview":"/course/the-complete-javascript-course/preview/lecture/coding-challenge-4","url":"/course/the-complete-javascript-course/learn/lecture/coding-challenge-4","video":""}]},{"title":"How to Navigate This Course","total":2,"duration":"04m 15sec","lessons":[{"title":"Pathways and Section Roadmaps","duration":"04m 08sec","resourses":[],"preview":"/course/the-complete-javascript-course/preview/lecture/pathways-and-section-roadmaps","url":"/course/the-complete-javascript-course/learn/lecture/pathways-and-section-roadmaps","video":""},{"title":"Course Pathways","duration":"07sec","resourses":[],"preview":"/course/the-complete-javascript-course/preview/lecture/course-pathways","url":"/course/the-complete-javascript-course/learn/lecture/course-pathways","video":""}]},{"title":"Developer Skills & Editor Setup","total":10,"duration":"02h 04m","lessons":[{"title":"Section Intro","duration":"39sec","resourses":[],"preview":"/course/the-complete-javascript-course/preview/lecture/section-intro","url":"/course/the-complete-javascript-course/learn/lecture/section-intro","video":""},{"title":"Section Roadmap","duration":"22sec","resourses":[],"preview":"/course/the-complete-javascript-course/preview/lecture/section-roadmap","url":"/course/the-complete-javascript-course/learn/lecture/section-roadmap","video":""},{"title":"Setting up Prettier and VS Code","duration":"16m 22sec","resourses":[],"preview":"/course/the-complete-javascript-course/preview/lecture/setting-up-prettier-and-vs-code","url":"/course/the-complete-javascript-course/learn/lecture/setting-up-prettier-and-vs-code","video":""},{"title":"Installing Node.js and Setting Up a Dev Environment","duration":"11m 32sec","resourses":[],"preview":"/course/the-complete-javascript-course/preview/lecture/installing-node.js-and-setting-up-a-dev-environment","url":"/course/the-complete-javascript-course/learn/lecture/installing-node.js-and-setting-up-a-dev-environment","video":""},{"title":"Learning How to Code","duration":"17m 42sec","resourses":[],"preview":"/course/the-complete-javascript-course/preview/lecture/learning-how-to-code","url":"/course/the-complete-javascript-course/learn/lecture/learning-how-to-code","video":""},{"title":"How to Think Like a Developer: Become a Problem Solver!","duration":"10m 53sec","resourses":[],"preview":"/course/the-complete-javascript-course/preview/lecture/how-to-think-like-a-developer:-become-a-problem-solver!","url":"/course/the-complete-javascript-course/learn/lecture/how-to-think-like-a-developer:-become-a-problem-solver!","video":""},{"title":"Using Google, StackOverflow and MDN","duration":"26m 36sec","resourses":[],"preview":"/course/the-complete-javascript-course/preview/lecture/using-google-stackoverflow-and-mdn","url":"/course/the-complete-javascript-course/learn/lecture/using-google-stackoverflow-and-mdn","video":""},{"title":"Debugging (Fixing Errors)","duration":"05m 09sec","resourses":[],"preview":"/course/the-complete-javascript-course/preview/lecture/debugging-(fixing-errors)","url":"/course/the-complete-javascript-course/learn/lecture/debugging-(fixing-errors)","video":""},{"title":"Debugging with the Console and Breakpoints","duration":"19m 25sec","resourses":[],"preview":"/course/the-complete-javascript-course/preview/lecture/debugging-with-the-console-and-breakpoints","url":"/course/the-complete-javascript-course/learn/lecture/debugging-with-the-console-and-breakpoints","video":""},{"title":"Coding Challenge #1","duration":"15m 24sec","resourses":[],"preview":"/course/the-complete-javascript-course/preview/lecture/coding-challenge-1","url":"/course/the-complete-javascript-course/learn/lecture/coding-challenge-1","video":""}]},{"title":"[OPTIONAL] HTML & CSS Crash Course","total":5,"duration":"56m 18sec","lessons":[{"title":"Section Intro","duration":"40sec","resourses":[],"preview":"/course/the-complete-javascript-course/preview/lecture/section-intro","url":"/course/the-complete-javascript-course/learn/lecture/section-intro","video":""},{"title":"Basic HTML Structure and Elements","duration":"09m 32sec","resourses":[],"preview":"/course/the-complete-javascript-course/preview/lecture/basic-html-structure-and-elements","url":"/course/the-complete-javascript-course/learn/lecture/basic-html-structure-and-elements","video":""},{"title":"Attributes, Classes and IDs","duration":"13m 09sec","resourses":[],"preview":"/course/the-complete-javascript-course/preview/lecture/attributes-classes-and-ids","url":"/course/the-complete-javascript-course/learn/lecture/attributes-classes-and-ids","video":""},{"title":"Basic Styling with CSS","duration":"12m 00sec","resourses":[],"preview":"/course/the-complete-javascript-course/preview/lecture/basic-styling-with-css","url":"/course/the-complete-javascript-course/learn/lecture/basic-styling-with-css","video":""},{"title":"Introduction to the CSS Box Model","duration":"20m 57sec","resourses":[],"preview":"/course/the-complete-javascript-course/preview/lecture/introduction-to-the-css-box-model","url":"/course/the-complete-javascript-course/learn/lecture/introduction-to-the-css-box-model","video":""}]},{"title":"JavaScript in the Browser: DOM and Events Fundamentals","total":19,"duration":"03h 53m","lessons":[{"title":"Section Intro","duration":"49sec","resourses":[],"preview":"/course/the-complete-javascript-course/preview/lecture/section-intro","url":"/course/the-complete-javascript-course/learn/lecture/section-intro","video":""},{"title":"Section Roadmap","duration":"29sec","resourses":[],"preview":"/course/the-complete-javascript-course/preview/lecture/section-roadmap","url":"/course/the-complete-javascript-course/learn/lecture/section-roadmap","video":""},{"title":"PROJECT #1: Guess My Number!","duration":"08m 47sec","resourses":[],"preview":"/course/the-complete-javascript-course/preview/lecture/project-1:-guess-my-number!","url":"/course/the-complete-javascript-course/learn/lecture/project-1:-guess-my-number!","video":""},{"title":"What's the DOM and DOM Manipulation","duration":"06m 48sec","resourses":[],"preview":"/course/the-complete-javascript-course/preview/lecture/what's-the-dom-and-dom-manipulation","url":"/course/the-complete-javascript-course/learn/lecture/what's-the-dom-and-dom-manipulation","video":""},{"title":"Selecting and Manipulating Elements","duration":"08m 22sec","resourses":[],"preview":"/course/the-complete-javascript-course/preview/lecture/selecting-and-manipulating-elements","url":"/course/the-complete-javascript-course/learn/lecture/selecting-and-manipulating-elements","video":""},{"title":"Handling Click Events","duration":"12m 50sec","resourses":[],"preview":"/course/the-complete-javascript-course/preview/lecture/handling-click-events","url":"/course/the-complete-javascript-course/learn/lecture/handling-click-events","video":""},{"title":"Implementing the Game Logic","duration":"19m 33sec","resourses":[],"preview":"/course/the-complete-javascript-course/preview/lecture/implementing-the-game-logic","url":"/course/the-complete-javascript-course/learn/lecture/implementing-the-game-logic","video":""},{"title":"Manipulating CSS Styles","duration":"08m 17sec","resourses":[],"preview":"/course/the-complete-javascript-course/preview/lecture/manipulating-css-styles","url":"/course/the-complete-javascript-course/learn/lecture/manipulating-css-styles","video":""},{"title":"Coding Challenge #1","duration":"11m 40sec","resourses":[],"preview":"/course/the-complete-javascript-course/preview/lecture/coding-challenge-1","url":"/course/the-complete-javascript-course/learn/lecture/coding-challenge-1","video":""},{"title":"Implementing Highscores","duration":"07m 47sec","resourses":[],"preview":"/course/the-complete-javascript-course/preview/lecture/implementing-highscores","url":"/course/the-complete-javascript-course/learn/lecture/implementing-highscores","video":""},{"title":"Refactoring Our Code: The DRY Principle","duration":"15m 05sec","resourses":[],"preview":"/course/the-complete-javascript-course/preview/lecture/refactoring-our-code:-the-dry-principle","url":"/course/the-complete-javascript-course/learn/lecture/refactoring-our-code:-the-dry-principle","video":""},{"title":"PROJECT #2: Modal Window","duration":"13m 21sec","resourses":[],"preview":"/course/the-complete-javascript-course/preview/lecture/project-2:-modal-window","url":"/course/the-complete-javascript-course/learn/lecture/project-2:-modal-window","video":""},{"title":"Working With Classes","duration":"16m 55sec","resourses":[],"preview":"/course/the-complete-javascript-course/preview/lecture/working-with-classes","url":"/course/the-complete-javascript-course/learn/lecture/working-with-classes","video":""},{"title":"Handling an \"Esc\" Keypress Event","duration":"14m 11sec","resourses":[],"preview":"/course/the-complete-javascript-course/preview/lecture/handling-an-\"esc\"-keypress-event","url":"/course/the-complete-javascript-course/learn/lecture/handling-an-\"esc\"-keypress-event","video":""},{"title":"PROJECT #3: Pig Game","duration":"17m 08sec","resourses":[],"preview":"/course/the-complete-javascript-course/preview/lecture/project-3:-pig-game","url":"/course/the-complete-javascript-course/learn/lecture/project-3:-pig-game","video":""},{"title":"Rolling the Dice","duration":"15m 58sec","resourses":[],"preview":"/course/the-complete-javascript-course/preview/lecture/rolling-the-dice","url":"/course/the-complete-javascript-course/learn/lecture/rolling-the-dice","video":""},{"title":"Switching the Active Player","duration":"15m 16sec","resourses":[],"preview":"/course/the-complete-javascript-course/preview/lecture/switching-the-active-player","url":"/course/the-complete-javascript-course/learn/lecture/switching-the-active-player","video":""},{"title":"Holding Current Score","duration":"24m 55sec","resourses":[],"preview":"/course/the-complete-javascript-course/preview/lecture/holding-current-score","url":"/course/the-complete-javascript-course/learn/lecture/holding-current-score","video":""},{"title":"Resetting the Game","duration":"15m 38sec","resourses":[],"preview":"/course/the-complete-javascript-course/preview/lecture/resetting-the-game","url":"/course/the-complete-javascript-course/learn/lecture/resetting-the-game","video":""}]},{"title":"How JavaScript Works Behind the Scenes","total":14,"duration":"03h 07m","lessons":[{"title":"Section Intro","duration":"01m 31sec","resourses":[],"preview":"/course/the-complete-javascript-course/preview/lecture/section-intro","url":"/course/the-complete-javascript-course/learn/lecture/section-intro","video":""},{"title":"Section Roadmap","duration":"30sec","resourses":[],"preview":"/course/the-complete-javascript-course/preview/lecture/section-roadmap","url":"/course/the-complete-javascript-course/learn/lecture/section-roadmap","video":""},{"title":"An High-Level Overview of JavaScript","duration":"12m 11sec","resourses":[],"preview":"/course/the-complete-javascript-course/preview/lecture/an-high-level-overview-of-javascript","url":"/course/the-complete-javascript-course/learn/lecture/an-high-level-overview-of-javascript","video":""},{"title":"The JavaScript Engine and Runtime","duration":"13m 47sec","resourses":[],"preview":"/course/the-complete-javascript-course/preview/lecture/the-javascript-engine-and-runtime","url":"/course/the-complete-javascript-course/learn/lecture/the-javascript-engine-and-runtime","video":""},{"title":"Execution Contexts and The Call Stack","duration":"17m 45sec","resourses":[],"preview":"/course/the-complete-javascript-course/preview/lecture/execution-contexts-and-the-call-stack","url":"/course/the-complete-javascript-course/learn/lecture/execution-contexts-and-the-call-stack","video":""},{"title":"Scope and The Scope Chain","duration":"25m 37sec","resourses":[],"preview":"/course/the-complete-javascript-course/preview/lecture/scope-and-the-scope-chain","url":"/course/the-complete-javascript-course/learn/lecture/scope-and-the-scope-chain","video":""},{"title":"Scoping in Practice","duration":"21m 13sec","resourses":[],"preview":"/course/the-complete-javascript-course/preview/lecture/scoping-in-practice","url":"/course/the-complete-javascript-course/learn/lecture/scoping-in-practice","video":""},{"title":"Variable Environment: Hoisting and The TDZ","duration":"11m 00sec","resourses":[],"preview":"/course/the-complete-javascript-course/preview/lecture/variable-environment:-hoisting-and-the-tdz","url":"/course/the-complete-javascript-course/learn/lecture/variable-environment:-hoisting-and-the-tdz","video":""},{"title":"Hoisting and TDZ in Practice","duration":"14m 42sec","resourses":[],"preview":"/course/the-complete-javascript-course/preview/lecture/hoisting-and-tdz-in-practice","url":"/course/the-complete-javascript-course/learn/lecture/hoisting-and-tdz-in-practice","video":""},{"title":"The this Keyword","duration":"06m 30sec","resourses":[],"preview":"/course/the-complete-javascript-course/preview/lecture/the-this-keyword","url":"/course/the-complete-javascript-course/learn/lecture/the-this-keyword","video":""},{"title":"The this Keyword in Practice","duration":"13m 11sec","resourses":[],"preview":"/course/the-complete-javascript-course/preview/lecture/the-this-keyword-in-practice","url":"/course/the-complete-javascript-course/learn/lecture/the-this-keyword-in-practice","video":""},{"title":"Regular Functions vs. Arrow Functions","duration":"18m 04sec","resourses":[],"preview":"/course/the-complete-javascript-course/preview/lecture/regular-functions-vs.-arrow-functions","url":"/course/the-complete-javascript-course/learn/lecture/regular-functions-vs.-arrow-functions","video":""},{"title":"Primitives vs. Objects (Primitive vs. Reference Types)","duration":"16m 06sec","resourses":[],"preview":"/course/the-complete-javascript-course/preview/lecture/primitives-vs.-objects-(primitive-vs.-reference-types)","url":"/course/the-complete-javascript-course/learn/lecture/primitives-vs.-objects-(primitive-vs.-reference-types)","video":""},{"title":"Primitives vs. Objects in Practice","duration":"14m 57sec","resourses":[],"preview":"/course/the-complete-javascript-course/preview/lecture/primitives-vs.-objects-in-practice","url":"/course/the-complete-javascript-course/learn/lecture/primitives-vs.-objects-in-practice","video":""}]},{"title":"Data Structures, Modern Operators and Strings","total":25,"duration":"05h 33m","lessons":[{"title":"Section Intro","duration":"53sec","resourses":[],"preview":"/course/the-complete-javascript-course/preview/lecture/section-intro","url":"/course/the-complete-javascript-course/learn/lecture/section-intro","video":""},{"title":"Section Roadmap","duration":"22sec","resourses":[],"preview":"/course/the-complete-javascript-course/preview/lecture/section-roadmap","url":"/course/the-complete-javascript-course/learn/lecture/section-roadmap","video":""},{"title":"Destructuring Arrays","duration":"19m 33sec","resourses":[],"preview":"/course/the-complete-javascript-course/preview/lecture/destructuring-arrays","url":"/course/the-complete-javascript-course/learn/lecture/destructuring-arrays","video":""},{"title":"Destructuring Objects","duration":"19m 46sec","resourses":[],"preview":"/course/the-complete-javascript-course/preview/lecture/destructuring-objects","url":"/course/the-complete-javascript-course/learn/lecture/destructuring-objects","video":""},{"title":"The Spread Operator (...)","duration":"21m 26sec","resourses":[],"preview":"/course/the-complete-javascript-course/preview/lecture/the-spread-operator-(...)","url":"/course/the-complete-javascript-course/learn/lecture/the-spread-operator-(...)","video":""},{"title":"Rest Pattern and Parameters","duration":"19m 01sec","resourses":[],"preview":"/course/the-complete-javascript-course/preview/lecture/rest-pattern-and-parameters","url":"/course/the-complete-javascript-course/learn/lecture/rest-pattern-and-parameters","video":""},{"title":"Short Circuiting (&& and ||)","duration":"15m 55sec","resourses":[],"preview":"/course/the-complete-javascript-course/preview/lecture/short-circuiting-(andand-and-oror)","url":"/course/the-complete-javascript-course/learn/lecture/short-circuiting-(andand-and-oror)","video":""},{"title":"The Nullish Coalescing Operator (??)","duration":"03m 32sec","resourses":[],"preview":"/course/the-complete-javascript-course/preview/lecture/the-nullish-coalescing-operator-()","url":"/course/the-complete-javascript-course/learn/lecture/the-nullish-coalescing-operator-()","video":""},{"title":"Logical Assignment Operators","duration":"11m 39sec","resourses":[],"preview":"/course/the-complete-javascript-course/preview/lecture/logical-assignment-operators","url":"/course/the-complete-javascript-course/learn/lecture/logical-assignment-operators","video":""},{"title":"Coding Challenge #1","duration":"14m 57sec","resourses":[],"preview":"/course/the-complete-javascript-course/preview/lecture/coding-challenge-1","url":"/course/the-complete-javascript-course/learn/lecture/coding-challenge-1","video":""},{"title":"Looping Arrays: The for-of Loop","duration":"07m 20sec","resourses":[],"preview":"/course/the-complete-javascript-course/preview/lecture/looping-arrays:-the-for-of-loop","url":"/course/the-complete-javascript-course/learn/lecture/looping-arrays:-the-for-of-loop","video":""},{"title":"Enhanced Object Literals","duration":"07m 02sec","resourses":[],"preview":"/course/the-complete-javascript-course/preview/lecture/enhanced-object-literals","url":"/course/the-complete-javascript-course/learn/lecture/enhanced-object-literals","video":""},{"title":"Optional Chaining (?.)","duration":"16m 10sec","resourses":[],"preview":"/course/the-complete-javascript-course/preview/lecture/optional-chaining-(.)","url":"/course/the-complete-javascript-course/learn/lecture/optional-chaining-(.)","video":""},{"title":"Looping Objects: Object Keys, Values, and Entries","duration":"10m 09sec","resourses":[],"preview":"/course/the-complete-javascript-course/preview/lecture/looping-objects:-object-keys-values-and-entries","url":"/course/the-complete-javascript-course/learn/lecture/looping-objects:-object-keys-values-and-entries","video":""},{"title":"Coding Challenge #2","duration":"14m 30sec","resourses":[],"preview":"/course/the-complete-javascript-course/preview/lecture/coding-challenge-2","url":"/course/the-complete-javascript-course/learn/lecture/coding-challenge-2","video":""},{"title":"Sets","duration":"13m 18sec","resourses":[],"preview":"/course/the-complete-javascript-course/preview/lecture/sets","url":"/course/the-complete-javascript-course/learn/lecture/sets","video":""},{"title":"Maps: Fundamentals","duration":"14m 03sec","resourses":[],"preview":"/course/the-complete-javascript-course/preview/lecture/maps:-fundamentals","url":"/course/the-complete-javascript-course/learn/lecture/maps:-fundamentals","video":""},{"title":"Maps: Iteration","duration":"12m 41sec","resourses":[],"preview":"/course/the-complete-javascript-course/preview/lecture/maps:-iteration","url":"/course/the-complete-javascript-course/learn/lecture/maps:-iteration","video":""},{"title":"Summary: Which Data Structure to Use?","duration":"09m 40sec","resourses":[],"preview":"/course/the-complete-javascript-course/preview/lecture/summary:-which-data-structure-to-use","url":"/course/the-complete-javascript-course/learn/lecture/summary:-which-data-structure-to-use","video":""},{"title":"Coding Challenge #3","duration":"09m 37sec","resourses":[],"preview":"/course/the-complete-javascript-course/preview/lecture/coding-challenge-3","url":"/course/the-complete-javascript-course/learn/lecture/coding-challenge-3","video":""},{"title":"Working With Strings - Part 1","duration":"16m 53sec","resourses":[],"preview":"/course/the-complete-javascript-course/preview/lecture/working-with-strings-part-1","url":"/course/the-complete-javascript-course/learn/lecture/working-with-strings-part-1","video":""},{"title":"Working With Strings - Part 2","duration":"21m 45sec","resourses":[],"preview":"/course/the-complete-javascript-course/preview/lecture/working-with-strings-part-2","url":"/course/the-complete-javascript-course/learn/lecture/working-with-strings-part-2","video":""},{"title":"Working With Strings - Part 3","duration":"21m 41sec","resourses":[],"preview":"/course/the-complete-javascript-course/preview/lecture/working-with-strings-part-3","url":"/course/the-complete-javascript-course/learn/lecture/working-with-strings-part-3","video":""},{"title":"Coding Challenge #4","duration":"15m 15sec","resourses":[],"preview":"/course/the-complete-javascript-course/preview/lecture/coding-challenge-4","url":"/course/the-complete-javascript-course/learn/lecture/coding-challenge-4","video":""},{"title":"String Methods Practice","duration":"16m 36sec","resourses":[],"preview":"/course/the-complete-javascript-course/preview/lecture/string-methods-practice","url":"/course/the-complete-javascript-course/learn/lecture/string-methods-practice","video":""}]},{"title":"A Closer Look at Functions","total":14,"duration":"02h 37m","lessons":[{"title":"Section Intro","duration":"48sec","resourses":[],"preview":"/course/the-complete-javascript-course/preview/lecture/section-intro","url":"/course/the-complete-javascript-course/learn/lecture/section-intro","video":""},{"title":"Section Roadmap","duration":"22sec","resourses":[],"preview":"/course/the-complete-javascript-course/preview/lecture/section-roadmap","url":"/course/the-complete-javascript-course/learn/lecture/section-roadmap","video":""},{"title":"Default Parameters","duration":"09m 17sec","resourses":[],"preview":"/course/the-complete-javascript-course/preview/lecture/default-parameters","url":"/course/the-complete-javascript-course/learn/lecture/default-parameters","video":""},{"title":"How Passing Arguments Works: Value vs. Reference","duration":"13m 36sec","resourses":[],"preview":"/course/the-complete-javascript-course/preview/lecture/how-passing-arguments-works:-value-vs.-reference","url":"/course/the-complete-javascript-course/learn/lecture/how-passing-arguments-works:-value-vs.-reference","video":""},{"title":"First-Class and Higher-Order Functions","duration":"05m 24sec","resourses":[],"preview":"/course/the-complete-javascript-course/preview/lecture/first-class-and-higher-order-functions","url":"/course/the-complete-javascript-course/learn/lecture/first-class-and-higher-order-functions","video":""},{"title":"Functions Accepting Callback Functions","duration":"15m 20sec","resourses":[],"preview":"/course/the-complete-javascript-course/preview/lecture/functions-accepting-callback-functions","url":"/course/the-complete-javascript-course/learn/lecture/functions-accepting-callback-functions","video":""},{"title":"Functions Returning Functions","duration":"06m 36sec","resourses":[],"preview":"/course/the-complete-javascript-course/preview/lecture/functions-returning-functions","url":"/course/the-complete-javascript-course/learn/lecture/functions-returning-functions","video":""},{"title":"The call and apply Methods","duration":"16m 51sec","resourses":[],"preview":"/course/the-complete-javascript-course/preview/lecture/the-call-and-apply-methods","url":"/course/the-complete-javascript-course/learn/lecture/the-call-and-apply-methods","video":""},{"title":"The bind Method","duration":"21m 33sec","resourses":[],"preview":"/course/the-complete-javascript-course/preview/lecture/the-bind-method","url":"/course/the-complete-javascript-course/learn/lecture/the-bind-method","video":""},{"title":"Coding Challenge #1","duration":"18m 47sec","resourses":[],"preview":"/course/the-complete-javascript-course/preview/lecture/coding-challenge-1","url":"/course/the-complete-javascript-course/learn/lecture/coding-challenge-1","video":""},{"title":"Immediately Invoked Function Expressions (IIFE)","duration":"07m 52sec","resourses":[],"preview":"/course/the-complete-javascript-course/preview/lecture/immediately-invoked-function-expressions-(iife)","url":"/course/the-complete-javascript-course/learn/lecture/immediately-invoked-function-expressions-(iife)","video":""},{"title":"Closures","duration":"19m 48sec","resourses":[],"preview":"/course/the-complete-javascript-course/preview/lecture/closures","url":"/course/the-complete-javascript-course/learn/lecture/closures","video":""},{"title":"More Closure Examples","duration":"15m 30sec","resourses":[],"preview":"/course/the-complete-javascript-course/preview/lecture/more-closure-examples","url":"/course/the-complete-javascript-course/learn/lecture/more-closure-examples","video":""},{"title":"Coding Challenge #2","duration":"05m 25sec","resourses":[],"preview":"/course/the-complete-javascript-course/preview/lecture/coding-challenge-2","url":"/course/the-complete-javascript-course/learn/lecture/coding-challenge-2","video":""}]},{"title":"Working With Arrays","total":28,"duration":"06h 08m","lessons":[{"title":"Section Intro","duration":"53sec","resourses":[],"preview":"/course/the-complete-javascript-course/preview/lecture/section-intro","url":"/course/the-complete-javascript-course/learn/lecture/section-intro","video":""},{"title":"Section Roadmap","duration":"29sec","resourses":[],"preview":"/course/the-complete-javascript-course/preview/lecture/section-roadmap","url":"/course/the-complete-javascript-course/learn/lecture/section-roadmap","video":""},{"title":"Simple Array Methods","duration":"16m 37sec","resourses":[],"preview":"/course/the-complete-javascript-course/preview/lecture/simple-array-methods","url":"/course/the-complete-javascript-course/learn/lecture/simple-array-methods","video":""},{"title":"The new at Method","duration":"06m 04sec","resourses":[],"preview":"/course/the-complete-javascript-course/preview/lecture/the-new-at-method","url":"/course/the-complete-javascript-course/learn/lecture/the-new-at-method","video":""},{"title":"Looping Arrays: forEach","duration":"13m 46sec","resourses":[],"preview":"/course/the-complete-javascript-course/preview/lecture/looping-arrays:-foreach","url":"/course/the-complete-javascript-course/learn/lecture/looping-arrays:-foreach","video":""},{"title":"forEach With Maps and Sets","duration":"05m 32sec","resourses":[],"preview":"/course/the-complete-javascript-course/preview/lecture/foreach-with-maps-and-sets","url":"/course/the-complete-javascript-course/learn/lecture/foreach-with-maps-and-sets","video":""},{"title":"PROJECT: \"Bankist\" App","duration":"09m 48sec","resourses":[],"preview":"/course/the-complete-javascript-course/preview/lecture/project:-\"bankist\"-app","url":"/course/the-complete-javascript-course/learn/lecture/project:-\"bankist\"-app","video":""},{"title":"Creating DOM Elements","duration":"18m 44sec","resourses":[],"preview":"/course/the-complete-javascript-course/preview/lecture/creating-dom-elements","url":"/course/the-complete-javascript-course/learn/lecture/creating-dom-elements","video":""},{"title":"Coding Challenge #1","duration":"08m 31sec","resourses":[],"preview":"/course/the-complete-javascript-course/preview/lecture/coding-challenge-1","url":"/course/the-complete-javascript-course/learn/lecture/coding-challenge-1","video":""},{"title":"Data Transformations: map, filter, reduce","duration":"04m 40sec","resourses":[],"preview":"/course/the-complete-javascript-course/preview/lecture/data-transformations:-map-filter-reduce","url":"/course/the-complete-javascript-course/learn/lecture/data-transformations:-map-filter-reduce","video":""},{"title":"The map Method","duration":"15m 40sec","resourses":[],"preview":"/course/the-complete-javascript-course/preview/lecture/the-map-method","url":"/course/the-complete-javascript-course/learn/lecture/the-map-method","video":""},{"title":"Computing Usernames","duration":"12m 14sec","resourses":[],"preview":"/course/the-complete-javascript-course/preview/lecture/computing-usernames","url":"/course/the-complete-javascript-course/learn/lecture/computing-usernames","video":""},{"title":"The filter Method","duration":"06m 19sec","resourses":[],"preview":"/course/the-complete-javascript-course/preview/lecture/the-filter-method","url":"/course/the-complete-javascript-course/learn/lecture/the-filter-method","video":""},{"title":"The reduce Method","duration":"20m 57sec","resourses":[],"preview":"/course/the-complete-javascript-course/preview/lecture/the-reduce-method","url":"/course/the-complete-javascript-course/learn/lecture/the-reduce-method","video":""},{"title":"Coding Challenge #2","duration":"09m 56sec","resourses":[],"preview":"/course/the-complete-javascript-course/preview/lecture/coding-challenge-2","url":"/course/the-complete-javascript-course/learn/lecture/coding-challenge-2","video":""},{"title":"The Magic of Chaining Methods","duration":"19m 39sec","resourses":[],"preview":"/course/the-complete-javascript-course/preview/lecture/the-magic-of-chaining-methods","url":"/course/the-complete-javascript-course/learn/lecture/the-magic-of-chaining-methods","video":""},{"title":"Coding Challenge #3","duration":"03m 57sec","resourses":[],"preview":"/course/the-complete-javascript-course/preview/lecture/coding-challenge-3","url":"/course/the-complete-javascript-course/learn/lecture/coding-challenge-3","video":""},{"title":"The find Method","duration":"06m 47sec","resourses":[],"preview":"/course/the-complete-javascript-course/preview/lecture/the-find-method","url":"/course/the-complete-javascript-course/learn/lecture/the-find-method","video":""},{"title":"Implementing Login","duration":"24m 18sec","resourses":[],"preview":"/course/the-complete-javascript-course/preview/lecture/implementing-login","url":"/course/the-complete-javascript-course/learn/lecture/implementing-login","video":""},{"title":"Implementing Transfers","duration":"20m 54sec","resourses":[],"preview":"/course/the-complete-javascript-course/preview/lecture/implementing-transfers","url":"/course/the-complete-javascript-course/learn/lecture/implementing-transfers","video":""},{"title":"The findIndex Method","duration":"12m 34sec","resourses":[],"preview":"/course/the-complete-javascript-course/preview/lecture/the-findindex-method","url":"/course/the-complete-javascript-course/learn/lecture/the-findindex-method","video":""},{"title":"some and every","duration":"15m 11sec","resourses":[],"preview":"/course/the-complete-javascript-course/preview/lecture/some-and-every","url":"/course/the-complete-javascript-course/learn/lecture/some-and-every","video":""},{"title":"flat and flatMap","duration":"09m 32sec","resourses":[],"preview":"/course/the-complete-javascript-course/preview/lecture/flat-and-flatmap","url":"/course/the-complete-javascript-course/learn/lecture/flat-and-flatmap","video":""},{"title":"Sorting Arrays","duration":"21m 55sec","resourses":[],"preview":"/course/the-complete-javascript-course/preview/lecture/sorting-arrays","url":"/course/the-complete-javascript-course/learn/lecture/sorting-arrays","video":""},{"title":"More Ways of Creating and Filling Arrays","duration":"20m 33sec","resourses":[],"preview":"/course/the-complete-javascript-course/preview/lecture/more-ways-of-creating-and-filling-arrays","url":"/course/the-complete-javascript-course/learn/lecture/more-ways-of-creating-and-filling-arrays","video":""},{"title":"Summary: Which Array Method to Use?","duration":"06m 24sec","resourses":[],"preview":"/course/the-complete-javascript-course/preview/lecture/summary:-which-array-method-to-use","url":"/course/the-complete-javascript-course/learn/lecture/summary:-which-array-method-to-use","video":""},{"title":"Array Methods Practice","duration":"32m 21sec","resourses":[],"preview":"/course/the-complete-javascript-course/preview/lecture/array-methods-practice","url":"/course/the-complete-javascript-course/learn/lecture/array-methods-practice","video":""},{"title":"Coding Challenge #4","duration":"23m 47sec","resourses":[],"preview":"/course/the-complete-javascript-course/preview/lecture/coding-challenge-4","url":"/course/the-complete-javascript-course/learn/lecture/coding-challenge-4","video":""}]},{"title":"Numbers, Dates, Intl and Timers","total":14,"duration":"03h 14m","lessons":[{"title":"Section Intro","duration":"50sec","resourses":[],"preview":"/course/the-complete-javascript-course/preview/lecture/section-intro","url":"/course/the-complete-javascript-course/learn/lecture/section-intro","video":""},{"title":"Section Roadmap","duration":"22sec","resourses":[],"preview":"/course/the-complete-javascript-course/preview/lecture/section-roadmap","url":"/course/the-complete-javascript-course/learn/lecture/section-roadmap","video":""},{"title":"Converting and Checking Numbers","duration":"16m 46sec","resourses":[],"preview":"/course/the-complete-javascript-course/preview/lecture/converting-and-checking-numbers","url":"/course/the-complete-javascript-course/learn/lecture/converting-and-checking-numbers","video":""},{"title":"Math and Rounding","duration":"18m 14sec","resourses":[],"preview":"/course/the-complete-javascript-course/preview/lecture/math-and-rounding","url":"/course/the-complete-javascript-course/learn/lecture/math-and-rounding","video":""},{"title":"The Remainder Operator","duration":"10m 56sec","resourses":[],"preview":"/course/the-complete-javascript-course/preview/lecture/the-remainder-operator","url":"/course/the-complete-javascript-course/learn/lecture/the-remainder-operator","video":""},{"title":"Numeric Separators","duration":"06m 57sec","resourses":[],"preview":"/course/the-complete-javascript-course/preview/lecture/numeric-separators","url":"/course/the-complete-javascript-course/learn/lecture/numeric-separators","video":""},{"title":"Working with BigInt","duration":"11m 18sec","resourses":[],"preview":"/course/the-complete-javascript-course/preview/lecture/working-with-bigint","url":"/course/the-complete-javascript-course/learn/lecture/working-with-bigint","video":""},{"title":"Creating Dates","duration":"12m 55sec","resourses":[],"preview":"/course/the-complete-javascript-course/preview/lecture/creating-dates","url":"/course/the-complete-javascript-course/learn/lecture/creating-dates","video":""},{"title":"Adding Dates to \"Bankist\" App","duration":"22m 21sec","resourses":[],"preview":"/course/the-complete-javascript-course/preview/lecture/adding-dates-to-\"bankist\"-app","url":"/course/the-complete-javascript-course/learn/lecture/adding-dates-to-\"bankist\"-app","video":""},{"title":"Operations With Dates","duration":"15m 27sec","resourses":[],"preview":"/course/the-complete-javascript-course/preview/lecture/operations-with-dates","url":"/course/the-complete-javascript-course/learn/lecture/operations-with-dates","video":""},{"title":"Internationalizing Dates (Intl)","duration":"17m 18sec","resourses":[],"preview":"/course/the-complete-javascript-course/preview/lecture/internationalizing-dates-(intl)","url":"/course/the-complete-javascript-course/learn/lecture/internationalizing-dates-(intl)","video":""},{"title":"Internationalizing Numbers (Intl)","duration":"19m 06sec","resourses":[],"preview":"/course/the-complete-javascript-course/preview/lecture/internationalizing-numbers-(intl)","url":"/course/the-complete-javascript-course/learn/lecture/internationalizing-numbers-(intl)","video":""},{"title":"Timers: setTimeout and setInterval","duration":"13m 53sec","resourses":[],"preview":"/course/the-complete-javascript-course/preview/lecture/timers:-settimeout-and-setinterval","url":"/course/the-complete-javascript-course/learn/lecture/timers:-settimeout-and-setinterval","video":""},{"title":"Implementing a Countdown Timer","duration":"28m 31sec","resourses":[],"preview":"/course/the-complete-javascript-course/preview/lecture/implementing-a-countdown-timer","url":"/course/the-complete-javascript-course/learn/lecture/implementing-a-countdown-timer","video":""}]},{"title":"Advanced DOM and Events","total":22,"duration":"05h 17m","lessons":[{"title":"Section Intro","duration":"01m 04sec","resourses":[],"preview":"/course/the-complete-javascript-course/preview/lecture/section-intro","url":"/course/the-complete-javascript-course/learn/lecture/section-intro","video":""},{"title":"Section Roadmap","duration":"22sec","resourses":[],"preview":"/course/the-complete-javascript-course/preview/lecture/section-roadmap","url":"/course/the-complete-javascript-course/learn/lecture/section-roadmap","video":""},{"title":"PROJECT: \"Bankist\" Website","duration":"08m 49sec","resourses":[],"preview":"/course/the-complete-javascript-course/preview/lecture/project:-\"bankist\"-website","url":"/course/the-complete-javascript-course/learn/lecture/project:-\"bankist\"-website","video":""},{"title":"How the DOM Really Works","duration":"10m 36sec","resourses":[],"preview":"/course/the-complete-javascript-course/preview/lecture/how-the-dom-really-works","url":"/course/the-complete-javascript-course/learn/lecture/how-the-dom-really-works","video":""},{"title":"Selecting, Creating, and Deleting Elements","duration":"20m 28sec","resourses":[],"preview":"/course/the-complete-javascript-course/preview/lecture/selecting-creating-and-deleting-elements","url":"/course/the-complete-javascript-course/learn/lecture/selecting-creating-and-deleting-elements","video":""},{"title":"Styles, Attributes and Classes","duration":"21m 54sec","resourses":[],"preview":"/course/the-complete-javascript-course/preview/lecture/styles-attributes-and-classes","url":"/course/the-complete-javascript-course/learn/lecture/styles-attributes-and-classes","video":""},{"title":"Implementing Smooth Scrolling","duration":"15m 56sec","resourses":[],"preview":"/course/the-complete-javascript-course/preview/lecture/implementing-smooth-scrolling","url":"/course/the-complete-javascript-course/learn/lecture/implementing-smooth-scrolling","video":""},{"title":"Types of Events and Event Handlers","duration":"10m 33sec","resourses":[],"preview":"/course/the-complete-javascript-course/preview/lecture/types-of-events-and-event-handlers","url":"/course/the-complete-javascript-course/learn/lecture/types-of-events-and-event-handlers","video":""},{"title":"Event Propagation: Bubbling and Capturing","duration":"05m 03sec","resourses":[],"preview":"/course/the-complete-javascript-course/preview/lecture/event-propagation:-bubbling-and-capturing","url":"/course/the-complete-javascript-course/learn/lecture/event-propagation:-bubbling-and-capturing","video":""},{"title":"Event Propagation in Practice","duration":"17m 46sec","resourses":[],"preview":"/course/the-complete-javascript-course/preview/lecture/event-propagation-in-practice","url":"/course/the-complete-javascript-course/learn/lecture/event-propagation-in-practice","video":""},{"title":"Event Delegation: Implementing Page Navigation","duration":"18m 48sec","resourses":[],"preview":"/course/the-complete-javascript-course/preview/lecture/event-delegation:-implementing-page-navigation","url":"/course/the-complete-javascript-course/learn/lecture/event-delegation:-implementing-page-navigation","video":""},{"title":"DOM Traversing","duration":"14m 35sec","resourses":[],"preview":"/course/the-complete-javascript-course/preview/lecture/dom-traversing","url":"/course/the-complete-javascript-course/learn/lecture/dom-traversing","video":""},{"title":"Building a Tabbed Component","duration":"24m 08sec","resourses":[],"preview":"/course/the-complete-javascript-course/preview/lecture/building-a-tabbed-component","url":"/course/the-complete-javascript-course/learn/lecture/building-a-tabbed-component","video":""},{"title":"Passing Arguments to Event Handlers","duration":"18m 43sec","resourses":[],"preview":"/course/the-complete-javascript-course/preview/lecture/passing-arguments-to-event-handlers","url":"/course/the-complete-javascript-course/learn/lecture/passing-arguments-to-event-handlers","video":""},{"title":"Implementing a Sticky Navigation: The Scroll Event","duration":"07m 55sec","resourses":[],"preview":"/course/the-complete-javascript-course/preview/lecture/implementing-a-sticky-navigation:-the-scroll-event","url":"/course/the-complete-javascript-course/learn/lecture/implementing-a-sticky-navigation:-the-scroll-event","video":""},{"title":"A Better Way: The Intersection Observer API","duration":"24m 00sec","resourses":[],"preview":"/course/the-complete-javascript-course/preview/lecture/a-better-way:-the-intersection-observer-api","url":"/course/the-complete-javascript-course/learn/lecture/a-better-way:-the-intersection-observer-api","video":""},{"title":"Revealing Elements on Scroll","duration":"12m 39sec","resourses":[],"preview":"/course/the-complete-javascript-course/preview/lecture/revealing-elements-on-scroll","url":"/course/the-complete-javascript-course/learn/lecture/revealing-elements-on-scroll","video":""},{"title":"Lazy Loading Images","duration":"18m 30sec","resourses":[],"preview":"/course/the-complete-javascript-course/preview/lecture/lazy-loading-images","url":"/course/the-complete-javascript-course/learn/lecture/lazy-loading-images","video":""},{"title":"Building a Slider Component: Part 1","duration":"23m 16sec","resourses":[],"preview":"/course/the-complete-javascript-course/preview/lecture/building-a-slider-component:-part-1","url":"/course/the-complete-javascript-course/learn/lecture/building-a-slider-component:-part-1","video":""},{"title":"Building a Slider Component: Part 2","duration":"19m 35sec","resourses":[],"preview":"/course/the-complete-javascript-course/preview/lecture/building-a-slider-component:-part-2","url":"/course/the-complete-javascript-course/learn/lecture/building-a-slider-component:-part-2","video":""},{"title":"Lifecycle DOM Events","duration":"09m 26sec","resourses":[],"preview":"/course/the-complete-javascript-course/preview/lecture/lifecycle-dom-events","url":"/course/the-complete-javascript-course/learn/lecture/lifecycle-dom-events","video":""},{"title":"Efficient Script Loading: defer and async","duration":"13m 30sec","resourses":[],"preview":"/course/the-complete-javascript-course/preview/lecture/efficient-script-loading:-defer-and-async","url":"/course/the-complete-javascript-course/learn/lecture/efficient-script-loading:-defer-and-async","video":""}]},{"title":"Object-Oriented Programming (OOP) With JavaScript","total":24,"duration":"04h 09m","lessons":[{"title":"Section Intro","duration":"01m 07sec","resourses":[],"preview":"/course/the-complete-javascript-course/preview/lecture/section-intro","url":"/course/the-complete-javascript-course/learn/lecture/section-intro","video":""},{"title":"Section Roadmap","duration":"22sec","resourses":[],"preview":"/course/the-complete-javascript-course/preview/lecture/section-roadmap","url":"/course/the-complete-javascript-course/learn/lecture/section-roadmap","video":""},{"title":"What is Object-Oriented Programming?","duration":"20m 55sec","resourses":[],"preview":"/course/the-complete-javascript-course/preview/lecture/what-is-object-oriented-programming","url":"/course/the-complete-javascript-course/learn/lecture/what-is-object-oriented-programming","video":""},{"title":"OOP in JavaScript","duration":"10m 08sec","resourses":[],"preview":"/course/the-complete-javascript-course/preview/lecture/oop-in-javascript","url":"/course/the-complete-javascript-course/learn/lecture/oop-in-javascript","video":""},{"title":"Constructor Functions and the new Operator","duration":"14m 19sec","resourses":[],"preview":"/course/the-complete-javascript-course/preview/lecture/constructor-functions-and-the-new-operator","url":"/course/the-complete-javascript-course/learn/lecture/constructor-functions-and-the-new-operator","video":""},{"title":"Prototypes","duration":"14m 36sec","resourses":[],"preview":"/course/the-complete-javascript-course/preview/lecture/prototypes","url":"/course/the-complete-javascript-course/learn/lecture/prototypes","video":""},{"title":"Prototypal Inheritance and The Prototype Chain","duration":"10m 58sec","resourses":[],"preview":"/course/the-complete-javascript-course/preview/lecture/prototypal-inheritance-and-the-prototype-chain","url":"/course/the-complete-javascript-course/learn/lecture/prototypal-inheritance-and-the-prototype-chain","video":""},{"title":"Prototypal Inheritance on Built-In Objects","duration":"14m 46sec","resourses":[],"preview":"/course/the-complete-javascript-course/preview/lecture/prototypal-inheritance-on-built-in-objects","url":"/course/the-complete-javascript-course/learn/lecture/prototypal-inheritance-on-built-in-objects","video":""},{"title":"Coding Challenge #1","duration":"07m 27sec","resourses":[],"preview":"/course/the-complete-javascript-course/preview/lecture/coding-challenge-1","url":"/course/the-complete-javascript-course/learn/lecture/coding-challenge-1","video":""},{"title":"ES6 Classes","duration":"12m 57sec","resourses":[],"preview":"/course/the-complete-javascript-course/preview/lecture/es6-classes","url":"/course/the-complete-javascript-course/learn/lecture/es6-classes","video":""},{"title":"Setters and Getters","duration":"13m 15sec","resourses":[],"preview":"/course/the-complete-javascript-course/preview/lecture/setters-and-getters","url":"/course/the-complete-javascript-course/learn/lecture/setters-and-getters","video":""},{"title":"Static Methods","duration":"06m 24sec","resourses":[],"preview":"/course/the-complete-javascript-course/preview/lecture/static-methods","url":"/course/the-complete-javascript-course/learn/lecture/static-methods","video":""},{"title":"Object.create","duration":"10m 56sec","resourses":[],"preview":"/course/the-complete-javascript-course/preview/lecture/object.create","url":"/course/the-complete-javascript-course/learn/lecture/object.create","video":""},{"title":"Coding Challenge #2","duration":"06m 00sec","resourses":[],"preview":"/course/the-complete-javascript-course/preview/lecture/coding-challenge-2","url":"/course/the-complete-javascript-course/learn/lecture/coding-challenge-2","video":""},{"title":"Inheritance Between \"Classes\": Constructor Functions","duration":"21m 03sec","resourses":[],"preview":"/course/the-complete-javascript-course/preview/lecture/inheritance-between-\"classes\":-constructor-functions","url":"/course/the-complete-javascript-course/learn/lecture/inheritance-between-\"classes\":-constructor-functions","video":""},{"title":"Coding Challenge #3","duration":"10m 37sec","resourses":[],"preview":"/course/the-complete-javascript-course/preview/lecture/coding-challenge-3","url":"/course/the-complete-javascript-course/learn/lecture/coding-challenge-3","video":""},{"title":"Inheritance Between \"Classes\": ES6 Classes","duration":"10m 46sec","resourses":[],"preview":"/course/the-complete-javascript-course/preview/lecture/inheritance-between-\"classes\":-es6-classes","url":"/course/the-complete-javascript-course/learn/lecture/inheritance-between-\"classes\":-es6-classes","video":""},{"title":"Inheritance Between \"Classes\": Object.create","duration":"08m 53sec","resourses":[],"preview":"/course/the-complete-javascript-course/preview/lecture/inheritance-between-\"classes\":-object.create","url":"/course/the-complete-javascript-course/learn/lecture/inheritance-between-\"classes\":-object.create","video":""},{"title":"Another Class Example","duration":"10m 44sec","resourses":[],"preview":"/course/the-complete-javascript-course/preview/lecture/another-class-example","url":"/course/the-complete-javascript-course/learn/lecture/another-class-example","video":""},{"title":"Encapsulation: Protected Properties and Methods","duration":"06m 47sec","resourses":[],"preview":"/course/the-complete-javascript-course/preview/lecture/encapsulation:-protected-properties-and-methods","url":"/course/the-complete-javascript-course/learn/lecture/encapsulation:-protected-properties-and-methods","video":""},{"title":"Encapsulation: Private Class Fields and Methods","duration":"16m 11sec","resourses":[],"preview":"/course/the-complete-javascript-course/preview/lecture/encapsulation:-private-class-fields-and-methods","url":"/course/the-complete-javascript-course/learn/lecture/encapsulation:-private-class-fields-and-methods","video":""},{"title":"Chaining Methods","duration":"04m 43sec","resourses":[],"preview":"/course/the-complete-javascript-course/preview/lecture/chaining-methods","url":"/course/the-complete-javascript-course/learn/lecture/chaining-methods","video":""},{"title":"ES6 Classes Summary","duration":"07m 11sec","resourses":[],"preview":"/course/the-complete-javascript-course/preview/lecture/es6-classes-summary","url":"/course/the-complete-javascript-course/learn/lecture/es6-classes-summary","video":""},{"title":"Coding Challenge #4","duration":"08m 54sec","resourses":[],"preview":"/course/the-complete-javascript-course/preview/lecture/coding-challenge-4","url":"/course/the-complete-javascript-course/learn/lecture/coding-challenge-4","video":""}]},{"title":"Mapty App: OOP, Geolocation, External Libraries, and More!","total":16,"duration":"03h 58m","lessons":[{"title":"Section Intro","duration":"58sec","resourses":[],"preview":"/course/the-complete-javascript-course/preview/lecture/section-intro","url":"/course/the-complete-javascript-course/learn/lecture/section-intro","video":""},{"title":"Section Roadmap","duration":"27sec","resourses":[],"preview":"/course/the-complete-javascript-course/preview/lecture/section-roadmap","url":"/course/the-complete-javascript-course/learn/lecture/section-roadmap","video":""},{"title":"Project Overview","duration":"05m 02sec","resourses":[],"preview":"/course/the-complete-javascript-course/preview/lecture/project-overview","url":"/course/the-complete-javascript-course/learn/lecture/project-overview","video":""},{"title":"How to Plan a Web Project","duration":"17m 41sec","resourses":[],"preview":"/course/the-complete-javascript-course/preview/lecture/how-to-plan-a-web-project","url":"/course/the-complete-javascript-course/learn/lecture/how-to-plan-a-web-project","video":""},{"title":"Using the Geolocation API","duration":"08m 16sec","resourses":[],"preview":"/course/the-complete-javascript-course/preview/lecture/using-the-geolocation-api","url":"/course/the-complete-javascript-course/learn/lecture/using-the-geolocation-api","video":""},{"title":"Displaying a Map Using Leaflet Library","duration":"13m 48sec","resourses":[],"preview":"/course/the-complete-javascript-course/preview/lecture/displaying-a-map-using-leaflet-library","url":"/course/the-complete-javascript-course/learn/lecture/displaying-a-map-using-leaflet-library","video":""},{"title":"Displaying a Map Marker","duration":"19m 54sec","resourses":[],"preview":"/course/the-complete-javascript-course/preview/lecture/displaying-a-map-marker","url":"/course/the-complete-javascript-course/learn/lecture/displaying-a-map-marker","video":""},{"title":"Rendering Workout Input Form","duration":"16m 42sec","resourses":[],"preview":"/course/the-complete-javascript-course/preview/lecture/rendering-workout-input-form","url":"/course/the-complete-javascript-course/learn/lecture/rendering-workout-input-form","video":""},{"title":"Project Architecture","duration":"09m 28sec","resourses":[],"preview":"/course/the-complete-javascript-course/preview/lecture/project-architecture","url":"/course/the-complete-javascript-course/learn/lecture/project-architecture","video":""},{"title":"Refactoring for Project Architecture","duration":"24m 05sec","resourses":[],"preview":"/course/the-complete-javascript-course/preview/lecture/refactoring-for-project-architecture","url":"/course/the-complete-javascript-course/learn/lecture/refactoring-for-project-architecture","video":""},{"title":"Managing Workout Data: Creating Classes","duration":"16m 18sec","resourses":[],"preview":"/course/the-complete-javascript-course/preview/lecture/managing-workout-data:-creating-classes","url":"/course/the-complete-javascript-course/learn/lecture/managing-workout-data:-creating-classes","video":""},{"title":"Creating a New Workout","duration":"34m 06sec","resourses":[],"preview":"/course/the-complete-javascript-course/preview/lecture/creating-a-new-workout","url":"/course/the-complete-javascript-course/learn/lecture/creating-a-new-workout","video":""},{"title":"Rendering Workouts","duration":"24m 19sec","resourses":[],"preview":"/course/the-complete-javascript-course/preview/lecture/rendering-workouts","url":"/course/the-complete-javascript-course/learn/lecture/rendering-workouts","video":""},{"title":"Move to Marker On Click","duration":"16m 32sec","resourses":[],"preview":"/course/the-complete-javascript-course/preview/lecture/move-to-marker-on-click","url":"/course/the-complete-javascript-course/learn/lecture/move-to-marker-on-click","video":""},{"title":"Working with localStorage","duration":"25m 31sec","resourses":[],"preview":"/course/the-complete-javascript-course/preview/lecture/working-with-localstorage","url":"/course/the-complete-javascript-course/learn/lecture/working-with-localstorage","video":""},{"title":"Final Considerations","duration":"05m 41sec","resourses":[],"preview":"/course/the-complete-javascript-course/preview/lecture/final-considerations","url":"/course/the-complete-javascript-course/learn/lecture/final-considerations","video":""}]},{"title":"Asynchronous JavaScript: Promises, Async/Await, and AJAX","total":24,"duration":"05h 00m","lessons":[{"title":"Section Intro","duration":"55sec","resourses":[],"preview":"/course/the-complete-javascript-course/preview/lecture/section-intro","url":"/course/the-complete-javascript-course/learn/lecture/section-intro","video":""},{"title":"Section Roadmap","duration":"22sec","resourses":[],"preview":"/course/the-complete-javascript-course/preview/lecture/section-roadmap","url":"/course/the-complete-javascript-course/learn/lecture/section-roadmap","video":""},{"title":"Asynchronous JavaScript, AJAX and APIs","duration":"17m 57sec","resourses":[],"preview":"/course/the-complete-javascript-course/preview/lecture/asynchronous-javascript-ajax-and-apis","url":"/course/the-complete-javascript-course/learn/lecture/asynchronous-javascript-ajax-and-apis","video":""},{"title":"IMPORTANT: API URL Change","duration":"13sec","resourses":[],"preview":"/course/the-complete-javascript-course/preview/lecture/important:-api-url-change","url":"/course/the-complete-javascript-course/learn/lecture/important:-api-url-change","video":""},{"title":"Our First AJAX Call: XMLHttpRequest","duration":"19m 10sec","resourses":[],"preview":"/course/the-complete-javascript-course/preview/lecture/our-first-ajax-call:-xmlhttprequest","url":"/course/the-complete-javascript-course/learn/lecture/our-first-ajax-call:-xmlhttprequest","video":""},{"title":"[OPTIONAL] How the Web Works: Requests and Responses","duration":"13m 38sec","resourses":[],"preview":"/course/the-complete-javascript-course/preview/lecture/optional-how-the-web-works:-requests-and-responses","url":"/course/the-complete-javascript-course/learn/lecture/optional-how-the-web-works:-requests-and-responses","video":""},{"title":"Welcome to Callback Hell","duration":"13m 52sec","resourses":[],"preview":"/course/the-complete-javascript-course/preview/lecture/welcome-to-callback-hell","url":"/course/the-complete-javascript-course/learn/lecture/welcome-to-callback-hell","video":""},{"title":"Promises and the Fetch API","duration":"09m 25sec","resourses":[],"preview":"/course/the-complete-javascript-course/preview/lecture/promises-and-the-fetch-api","url":"/course/the-complete-javascript-course/learn/lecture/promises-and-the-fetch-api","video":""},{"title":"Consuming Promises","duration":"09m 24sec","resourses":[],"preview":"/course/the-complete-javascript-course/preview/lecture/consuming-promises","url":"/course/the-complete-javascript-course/learn/lecture/consuming-promises","video":""},{"title":"Chaining Promises","duration":"09m 13sec","resourses":[],"preview":"/course/the-complete-javascript-course/preview/lecture/chaining-promises","url":"/course/the-complete-javascript-course/learn/lecture/chaining-promises","video":""},{"title":"Handling Rejected Promises","duration":"16m 13sec","resourses":[],"preview":"/course/the-complete-javascript-course/preview/lecture/handling-rejected-promises","url":"/course/the-complete-javascript-course/learn/lecture/handling-rejected-promises","video":""},{"title":"Throwing Errors Manually","duration":"15m 24sec","resourses":[],"preview":"/course/the-complete-javascript-course/preview/lecture/throwing-errors-manually","url":"/course/the-complete-javascript-course/learn/lecture/throwing-errors-manually","video":""},{"title":"Coding Challenge #1","duration":"16m 31sec","resourses":[],"preview":"/course/the-complete-javascript-course/preview/lecture/coding-challenge-1","url":"/course/the-complete-javascript-course/learn/lecture/coding-challenge-1","video":""},{"title":"Asynchronous Behind the Scenes: The Event Loop","duration":"17m 53sec","resourses":[],"preview":"/course/the-complete-javascript-course/preview/lecture/asynchronous-behind-the-scenes:-the-event-loop","url":"/course/the-complete-javascript-course/learn/lecture/asynchronous-behind-the-scenes:-the-event-loop","video":""},{"title":"The Event Loop in Practice","duration":"09m 15sec","resourses":[],"preview":"/course/the-complete-javascript-course/preview/lecture/the-event-loop-in-practice","url":"/course/the-complete-javascript-course/learn/lecture/the-event-loop-in-practice","video":""},{"title":"Building a Simple Promise","duration":"20m 17sec","resourses":[],"preview":"/course/the-complete-javascript-course/preview/lecture/building-a-simple-promise","url":"/course/the-complete-javascript-course/learn/lecture/building-a-simple-promise","video":""},{"title":"Promisifying the Geolocation API","duration":"13m 26sec","resourses":[],"preview":"/course/the-complete-javascript-course/preview/lecture/promisifying-the-geolocation-api","url":"/course/the-complete-javascript-course/learn/lecture/promisifying-the-geolocation-api","video":""},{"title":"Coding Challenge #2","duration":"15m 53sec","resourses":[],"preview":"/course/the-complete-javascript-course/preview/lecture/coding-challenge-2","url":"/course/the-complete-javascript-course/learn/lecture/coding-challenge-2","video":""},{"title":"Consuming Promises with Async/Await","duration":"15m 06sec","resourses":[],"preview":"/course/the-complete-javascript-course/preview/lecture/consuming-promises-with-asyncawait","url":"/course/the-complete-javascript-course/learn/lecture/consuming-promises-with-asyncawait","video":""},{"title":"Error Handling With try...catch","duration":"10m 22sec","resourses":[],"preview":"/course/the-complete-javascript-course/preview/lecture/error-handling-with-try...catch","url":"/course/the-complete-javascript-course/learn/lecture/error-handling-with-try...catch","video":""},{"title":"Returning Values from Async Functions","duration":"14m 39sec","resourses":[],"preview":"/course/the-complete-javascript-course/preview/lecture/returning-values-from-async-functions","url":"/course/the-complete-javascript-course/learn/lecture/returning-values-from-async-functions","video":""},{"title":"Running Promises in Parallel","duration":"10m 56sec","resourses":[],"preview":"/course/the-complete-javascript-course/preview/lecture/running-promises-in-parallel","url":"/course/the-complete-javascript-course/learn/lecture/running-promises-in-parallel","video":""},{"title":"Other Promise Combinators: race, allSettled and any","duration":"13m 19sec","resourses":[],"preview":"/course/the-complete-javascript-course/preview/lecture/other-promise-combinators:-race-allsettled-and-any","url":"/course/the-complete-javascript-course/learn/lecture/other-promise-combinators:-race-allsettled-and-any","video":""},{"title":"Coding Challenge #3","duration":"17m 30sec","resourses":[],"preview":"/course/the-complete-javascript-course/preview/lecture/coding-challenge-3","url":"/course/the-complete-javascript-course/learn/lecture/coding-challenge-3","video":""}]},{"title":"Modern JavaScript Development: Modules, Tooling, and Functional","total":16,"duration":"03h 50m","lessons":[{"title":"Section Intro","duration":"47sec","resourses":[],"preview":"/course/the-complete-javascript-course/preview/lecture/section-intro","url":"/course/the-complete-javascript-course/learn/lecture/section-intro","video":""},{"title":"Section Roadmap","duration":"22sec","resourses":[],"preview":"/course/the-complete-javascript-course/preview/lecture/section-roadmap","url":"/course/the-complete-javascript-course/learn/lecture/section-roadmap","video":""},{"title":"An Overview of Modern JavaScript Development","duration":"06m 38sec","resourses":[],"preview":"/course/the-complete-javascript-course/preview/lecture/an-overview-of-modern-javascript-development","url":"/course/the-complete-javascript-course/learn/lecture/an-overview-of-modern-javascript-development","video":""},{"title":"An Overview of Modules in JavaScript","duration":"15m 01sec","resourses":[],"preview":"/course/the-complete-javascript-course/preview/lecture/an-overview-of-modules-in-javascript","url":"/course/the-complete-javascript-course/learn/lecture/an-overview-of-modules-in-javascript","video":""},{"title":"Exporting and Importing in ES6 Modules","duration":"22m 38sec","resourses":[],"preview":"/course/the-complete-javascript-course/preview/lecture/exporting-and-importing-in-es6-modules","url":"/course/the-complete-javascript-course/learn/lecture/exporting-and-importing-in-es6-modules","video":""},{"title":"Top-Level await (ES2022)","duration":"14m 44sec","resourses":[],"preview":"/course/the-complete-javascript-course/preview/lecture/top-level-await-(es2022)","url":"/course/the-complete-javascript-course/learn/lecture/top-level-await-(es2022)","video":""},{"title":"The Module Pattern","duration":"10m 19sec","resourses":[],"preview":"/course/the-complete-javascript-course/preview/lecture/the-module-pattern","url":"/course/the-complete-javascript-course/learn/lecture/the-module-pattern","video":""},{"title":"CommonJS Modules","duration":"04m 24sec","resourses":[],"preview":"/course/the-complete-javascript-course/preview/lecture/commonjs-modules","url":"/course/the-complete-javascript-course/learn/lecture/commonjs-modules","video":""},{"title":"A Brief Introduction to the Command Line","duration":"12m 27sec","resourses":[],"preview":"/course/the-complete-javascript-course/preview/lecture/a-brief-introduction-to-the-command-line","url":"/course/the-complete-javascript-course/learn/lecture/a-brief-introduction-to-the-command-line","video":""},{"title":"Introduction to NPM","duration":"18m 40sec","resourses":[],"preview":"/course/the-complete-javascript-course/preview/lecture/introduction-to-npm","url":"/course/the-complete-javascript-course/learn/lecture/introduction-to-npm","video":""},{"title":"Bundling With Parcel and NPM Scripts","duration":"21m 39sec","resourses":[],"preview":"/course/the-complete-javascript-course/preview/lecture/bundling-with-parcel-and-npm-scripts","url":"/course/the-complete-javascript-course/learn/lecture/bundling-with-parcel-and-npm-scripts","video":""},{"title":"Configuring Babel and Polyfilling","duration":"18m 03sec","resourses":[],"preview":"/course/the-complete-javascript-course/preview/lecture/configuring-babel-and-polyfilling","url":"/course/the-complete-javascript-course/learn/lecture/configuring-babel-and-polyfilling","video":""},{"title":"Review: Writing Clean and Modern JavaScript","duration":"10m 26sec","resourses":[],"preview":"/course/the-complete-javascript-course/preview/lecture/review:-writing-clean-and-modern-javascript","url":"/course/the-complete-javascript-course/learn/lecture/review:-writing-clean-and-modern-javascript","video":""},{"title":"Let's Fix Some Bad Code: Part 1","duration":"23m 20sec","resourses":[],"preview":"/course/the-complete-javascript-course/preview/lecture/let's-fix-some-bad-code:-part-1","url":"/course/the-complete-javascript-course/learn/lecture/let's-fix-some-bad-code:-part-1","video":""},{"title":"Declarative and Functional JavaScript Principles","duration":"12m 25sec","resourses":[],"preview":"/course/the-complete-javascript-course/preview/lecture/declarative-and-functional-javascript-principles","url":"/course/the-complete-javascript-course/learn/lecture/declarative-and-functional-javascript-principles","video":""},{"title":"Let's Fix Some Bad Code: Part 2","duration":"38m 09sec","resourses":[],"preview":"/course/the-complete-javascript-course/preview/lecture/let's-fix-some-bad-code:-part-2","url":"/course/the-complete-javascript-course/learn/lecture/let's-fix-some-bad-code:-part-2","video":""}]},{"title":"Forkify App: Building a Modern Application","total":27,"duration":"08h 23m","lessons":[{"title":"Section Intro","duration":"56sec","resourses":[],"preview":"/course/the-complete-javascript-course/preview/lecture/section-intro","url":"/course/the-complete-javascript-course/learn/lecture/section-intro","video":""},{"title":"Section Roadmap","duration":"27sec","resourses":[],"preview":"/course/the-complete-javascript-course/preview/lecture/section-roadmap","url":"/course/the-complete-javascript-course/learn/lecture/section-roadmap","video":""},{"title":"Project Overview and Planning (I)","duration":"14m 21sec","resourses":[],"preview":"/course/the-complete-javascript-course/preview/lecture/project-overview-and-planning-(i)","url":"/course/the-complete-javascript-course/learn/lecture/project-overview-and-planning-(i)","video":""},{"title":"Latest Code Updates (Parcel v2 and more)","duration":"47sec","resourses":[],"preview":"/course/the-complete-javascript-course/preview/lecture/latest-code-updates-(parcel-v2-and-more)","url":"/course/the-complete-javascript-course/learn/lecture/latest-code-updates-(parcel-v2-and-more)","video":""},{"title":"Loading a Recipe from API","duration":"24m 11sec","resourses":[],"preview":"/course/the-complete-javascript-course/preview/lecture/loading-a-recipe-from-api","url":"/course/the-complete-javascript-course/learn/lecture/loading-a-recipe-from-api","video":""},{"title":"Rendering the Recipe","duration":"22m 23sec","resourses":[],"preview":"/course/the-complete-javascript-course/preview/lecture/rendering-the-recipe","url":"/course/the-complete-javascript-course/learn/lecture/rendering-the-recipe","video":""},{"title":"Listening For load and hashchange Events","duration":"11m 02sec","resourses":[],"preview":"/course/the-complete-javascript-course/preview/lecture/listening-for-load-and-hashchange-events","url":"/course/the-complete-javascript-course/learn/lecture/listening-for-load-and-hashchange-events","video":""},{"title":"The MVC Architecture","duration":"16m 32sec","resourses":[],"preview":"/course/the-complete-javascript-course/preview/lecture/the-mvc-architecture","url":"/course/the-complete-javascript-course/learn/lecture/the-mvc-architecture","video":""},{"title":"Refactoring for MVC","duration":"38m 53sec","resourses":[],"preview":"/course/the-complete-javascript-course/preview/lecture/refactoring-for-mvc","url":"/course/the-complete-javascript-course/learn/lecture/refactoring-for-mvc","video":""},{"title":"Helpers and Configuration Files","duration":"21m 23sec","resourses":[],"preview":"/course/the-complete-javascript-course/preview/lecture/helpers-and-configuration-files","url":"/course/the-complete-javascript-course/learn/lecture/helpers-and-configuration-files","video":""},{"title":"Event Handlers in MVC: Publisher-Subscriber Pattern","duration":"15m 08sec","resourses":[],"preview":"/course/the-complete-javascript-course/preview/lecture/event-handlers-in-mvc:-publisher-subscriber-pattern","url":"/course/the-complete-javascript-course/learn/lecture/event-handlers-in-mvc:-publisher-subscriber-pattern","video":""},{"title":"Implementing Error and Success Messages","duration":"11m 34sec","resourses":[],"preview":"/course/the-complete-javascript-course/preview/lecture/implementing-error-and-success-messages","url":"/course/the-complete-javascript-course/learn/lecture/implementing-error-and-success-messages","video":""},{"title":"Implementing Search Results - Part 1","duration":"25m 46sec","resourses":[],"preview":"/course/the-complete-javascript-course/preview/lecture/implementing-search-results-part-1","url":"/course/the-complete-javascript-course/learn/lecture/implementing-search-results-part-1","video":""},{"title":"Implementing Search Results - Part 2","duration":"28m 15sec","resourses":[],"preview":"/course/the-complete-javascript-course/preview/lecture/implementing-search-results-part-2","url":"/course/the-complete-javascript-course/learn/lecture/implementing-search-results-part-2","video":""},{"title":"Implementing Pagination - Part 1","duration":"12m 18sec","resourses":[],"preview":"/course/the-complete-javascript-course/preview/lecture/implementing-pagination-part-1","url":"/course/the-complete-javascript-course/learn/lecture/implementing-pagination-part-1","video":""},{"title":"Implementing Pagination - Part 2","duration":"37m 05sec","resourses":[],"preview":"/course/the-complete-javascript-course/preview/lecture/implementing-pagination-part-2","url":"/course/the-complete-javascript-course/learn/lecture/implementing-pagination-part-2","video":""},{"title":"Project Planning II","duration":"03m 13sec","resourses":[],"preview":"/course/the-complete-javascript-course/preview/lecture/project-planning-ii","url":"/course/the-complete-javascript-course/learn/lecture/project-planning-ii","video":""},{"title":"Updating Recipe Servings","duration":"26m 40sec","resourses":[],"preview":"/course/the-complete-javascript-course/preview/lecture/updating-recipe-servings","url":"/course/the-complete-javascript-course/learn/lecture/updating-recipe-servings","video":""},{"title":"Developing a DOM Updating Algorithm","duration":"34m 22sec","resourses":[],"preview":"/course/the-complete-javascript-course/preview/lecture/developing-a-dom-updating-algorithm","url":"/course/the-complete-javascript-course/learn/lecture/developing-a-dom-updating-algorithm","video":""},{"title":"Implementing Bookmarks - Part 1","duration":"25m 59sec","resourses":[],"preview":"/course/the-complete-javascript-course/preview/lecture/implementing-bookmarks-part-1","url":"/course/the-complete-javascript-course/learn/lecture/implementing-bookmarks-part-1","video":""},{"title":"Implementing Bookmarks - Part 2","duration":"18m 31sec","resourses":[],"preview":"/course/the-complete-javascript-course/preview/lecture/implementing-bookmarks-part-2","url":"/course/the-complete-javascript-course/learn/lecture/implementing-bookmarks-part-2","video":""},{"title":"Storing Bookmarks With localStorage","duration":"18m 22sec","resourses":[],"preview":"/course/the-complete-javascript-course/preview/lecture/storing-bookmarks-with-localstorage","url":"/course/the-complete-javascript-course/learn/lecture/storing-bookmarks-with-localstorage","video":""},{"title":"Project Planning III","duration":"02m 08sec","resourses":[],"preview":"/course/the-complete-javascript-course/preview/lecture/project-planning-iii","url":"/course/the-complete-javascript-course/learn/lecture/project-planning-iii","video":""},{"title":"Uploading a New Recipe - Part 1","duration":"17m 43sec","resourses":[],"preview":"/course/the-complete-javascript-course/preview/lecture/uploading-a-new-recipe-part-1","url":"/course/the-complete-javascript-course/learn/lecture/uploading-a-new-recipe-part-1","video":""},{"title":"Uploading a New Recipe - Part 2","duration":"40m 37sec","resourses":[],"preview":"/course/the-complete-javascript-course/preview/lecture/uploading-a-new-recipe-part-2","url":"/course/the-complete-javascript-course/learn/lecture/uploading-a-new-recipe-part-2","video":""},{"title":"Uploading a New Recipe - Part 3","duration":"19m 58sec","resourses":[],"preview":"/course/the-complete-javascript-course/preview/lecture/uploading-a-new-recipe-part-3","url":"/course/the-complete-javascript-course/learn/lecture/uploading-a-new-recipe-part-3","video":""},{"title":"Wrapping Up: Final Considerations","duration":"14m 45sec","resourses":[],"preview":"/course/the-complete-javascript-course/preview/lecture/wrapping-up:-final-considerations","url":"/course/the-complete-javascript-course/learn/lecture/wrapping-up:-final-considerations","video":""}]},{"title":"Setting Up Git and Deployment","total":7,"duration":"59m 16sec","lessons":[{"title":"Section Intro","duration":"44sec","resourses":[],"preview":"/course/the-complete-javascript-course/preview/lecture/section-intro","url":"/course/the-complete-javascript-course/learn/lecture/section-intro","video":""},{"title":"Section Roadmap","duration":"22sec","resourses":[],"preview":"/course/the-complete-javascript-course/preview/lecture/section-roadmap","url":"/course/the-complete-javascript-course/learn/lecture/section-roadmap","video":""},{"title":"Simple Deployment With Netlify","duration":"11m 18sec","resourses":[],"preview":"/course/the-complete-javascript-course/preview/lecture/simple-deployment-with-netlify","url":"/course/the-complete-javascript-course/learn/lecture/simple-deployment-with-netlify","video":""},{"title":"Setting Up Git and GitHub","duration":"07m 39sec","resourses":[],"preview":"/course/the-complete-javascript-course/preview/lecture/setting-up-git-and-github","url":"/course/the-complete-javascript-course/learn/lecture/setting-up-git-and-github","video":""},{"title":"Git Fundamentals","duration":"19m 36sec","resourses":[],"preview":"/course/the-complete-javascript-course/preview/lecture/git-fundamentals","url":"/course/the-complete-javascript-course/learn/lecture/git-fundamentals","video":""},{"title":"Pushing to GitHub","duration":"09m 31sec","resourses":[],"preview":"/course/the-complete-javascript-course/preview/lecture/pushing-to-github","url":"/course/the-complete-javascript-course/learn/lecture/pushing-to-github","video":""},{"title":"Setting Up Continuous Integration With Netlify","duration":"10m 06sec","resourses":[],"preview":"/course/the-complete-javascript-course/preview/lecture/setting-up-continuous-integration-with-netlify","url":"/course/the-complete-javascript-course/learn/lecture/setting-up-continuous-integration-with-netlify","video":""}]},{"title":"The End!","total":2,"duration":"04m 03sec","lessons":[{"title":"Where to Go from Here","duration":"03m 00sec","resourses":[],"preview":"/course/the-complete-javascript-course/preview/lecture/where-to-go-from-here","url":"/course/the-complete-javascript-course/learn/lecture/where-to-go-from-here","video":""},{"title":"My Other Courses + Updates","duration":"01m 03sec","resourses":[],"preview":"/course/the-complete-javascript-course/preview/lecture/my-other-courses-+-updates","url":"/course/the-complete-javascript-course/learn/lecture/my-other-courses-+-updates","video":""}]},{"title":"[LEGACY] Access the Old Course","total":1,"duration":"51sec","lessons":[{"title":"Access the Old Course","duration":"51sec","resourses":[],"preview":"/course/the-complete-javascript-course/preview/lecture/access-the-old-course","url":"/course/the-complete-javascript-course/learn/lecture/access-the-old-course","video":""}]}]}